ID,name,type,kegg,formula,super_class,class,sub_class,family,description,importance
METAB_00001,β-Damascenone,metabolite,,C13H18O,Carotenoid degradation product,Carotenoid degradation product (C13 norisoprenoid),Carotenoid degradation product (C13 norisoprenoid),Carotenoid degradation product,C13降异戊二烯酮类化合物，由β-胡萝卜素或紫黄质经氧化裂解生成，是烟草清香型香气的核心贡献者，香气阈值极低(0.002 ng/L)。,极高 - 烟草甜润果香和花香的标志性成分
METAB_00002,β-Ionone,metabolite,,C13H20O,Carotenoid degradation product,Carotenoid degradation product (C13 norisoprenoid),Carotenoid degradation product (C13 norisoprenoid),Carotenoid degradation product,"C13环状酮类降异戊二烯，由β-胡萝卜素9,10位裂解生成，具有紫罗兰样花香，是烟草花香调的重要贡献者。",高 - 赋予烟草紫罗兰花香和木香基调
METAB_00003,α-Ionone,metabolite,,C13H20O,Carotenoid degradation product,Carotenoid degradation product (C13 norisoprenoid),Carotenoid degradation product (C13 norisoprenoid),Carotenoid degradation product,α-紫罗兰酮，由α-胡萝卜素裂解生成，具有温暖的紫罗兰-木香，香气较β-紫罗兰酮柔和。,中高 - 增加烟草花香的温暖感
METAB_00004,β-Damascone,metabolite,,C13H20O,Carotenoid degradation product,Carotenoid degradation product (C13 norisoprenoid),Carotenoid degradation product (C13 norisoprenoid),Carotenoid degradation product,β-大马酮的异构体，具有玫瑰和水果香气，是烟草果香调的重要成分。,高 - 增强烟草玫瑰和果香调
METAB_00005,α-Damascone,metabolite,,C13H20O,Carotenoid degradation product,Carotenoid degradation product (C13 norisoprenoid),Carotenoid degradation product (C13 norisoprenoid),Carotenoid degradation product,α-大马酮异构体，具有玫瑰和薄荷样香气，在烟草中含量较低但对香气有修饰作用。,中 - 修饰烟草花香的薄荷调
METAB_00006,3-Hydroxy-β-damascone,metabolite,,C13H20O2,Carotenoid degradation product,Carotenoid degradation product (C13 norisoprenoid),Carotenoid degradation product (C13 norisoprenoid),Carotenoid degradation product,β-大马酮的羟基衍生物，是烟草中重要的中性香气成分，具有更浓郁的果香。,高 - 烟草果香的重要贡献者
METAB_00007,4-Hydroxy-β-damascone,metabolite,,C13H20O2,Carotenoid degradation product,Carotenoid degradation product (C13 norisoprenoid),Carotenoid degradation product (C13 norisoprenoid),Carotenoid degradation product,β-大马酮的4-羟基衍生物，是烟草陈化和发酵过程中产生的重要香气前体。,中高 - 烟草陈化香气的贡献者
METAB_00008,Megastigmatrienone,metabolite,,C13H18O,Carotenoid degradation product,Carotenoid degradation product (C13 norisoprenoid),Carotenoid degradation product (C13 norisoprenoid),Carotenoid degradation product,巨豆三烯酮，由GGPP衍生或类胡萝卜素裂解产生的C13酮类，是烟草甜香和烘烤香的重要前体。,极高 - 烟草甜香和木香的核心成分
METAB_00009,Megastigmatrienone B,metabolite,,C13H18O,Carotenoid degradation product,Carotenoid degradation product (C13 norisoprenoid),Carotenoid degradation product (C13 norisoprenoid),Carotenoid degradation product,巨豆三烯酮B异构体，在雪茄烟叶发酵中含量显著增加，是甜香的主要贡献者之一。,高 - 增强烟草甜香和坚果香
METAB_00010,Megastigmatrienone C,metabolite,,C13H18O,Carotenoid degradation product,Carotenoid degradation product (C13 norisoprenoid),Carotenoid degradation product (C13 norisoprenoid),Carotenoid degradation product,巨豆三烯酮C异构体，与B异构体协同贡献烟草甜香。,高 - 与其他异构体协同增强甜香
METAB_00011,Theaspirone,metabolite,,C10H16O2,Carotenoid degradation product,Carotenoid degradation product (C13 norisoprenoid),Carotenoid degradation product (C13 norisoprenoid),Carotenoid degradation product,茶螺烷酮，由类胡萝卜素裂解产生的C10双环醚酮，具有茶香和木香。,中 - 增加烟草茶香和木香
METAB_00012,Theaspirane A,metabolite,,C10H18O,Carotenoid degradation product,Carotenoid degradation product (C13 norisoprenoid),Carotenoid degradation product (C13 norisoprenoid),Carotenoid degradation product,茶螺烷A，C10双环醚类化合物，具有独特的茶香和花香。,中 - 贡献烟草茶香调
METAB_00013,Theaspirane B,metabolite,,C10H18O,Carotenoid degradation product,Carotenoid degradation product (C13 norisoprenoid),Carotenoid degradation product (C13 norisoprenoid),Carotenoid degradation product,茶螺烷B，茶螺烷A的异构体，香气特征相似。,中 - 与A异构体协同贡献茶香
METAB_00014,3-Oxo-α-ionol,metabolite,,C13H20O2,Carotenoid degradation product,Carotenoid degradation product (C13 norisoprenoid),Carotenoid degradation product (C13 norisoprenoid),Carotenoid degradation product,α-紫罗兰醇的氧化产物，是烟草中重要的C13降异戊二烯醇酮。,中高 - 烟草果香和木香的贡献者
METAB_00015,"3-Oxo-7,8-dihydro-α-ionol",metabolite,,C13H22O2,Carotenoid degradation product,Carotenoid degradation product (C13 norisoprenoid),Carotenoid degradation product (C13 norisoprenoid),Carotenoid degradation product,"3-氧代-7,8-二氢-α-紫罗兰醇，是烟草发酵中由3-氧代-α-紫罗兰醇还原生成。",中 - 增加烟草木香和甜香
METAB_00016,Grasshopper ketone,metabolite,,C13H18O2,Carotenoid degradation product,Carotenoid degradation product (C13 norisoprenoid),Carotenoid degradation product (C13 norisoprenoid),Carotenoid degradation product,蚱蜢酮，由新黄质裂解产生的C13酮类，是β-大马酮等重要香气物质的前体。,中高 - 重要香气前体物质
METAB_00017,Blumenol A,metabolite,,C13H22O3,Carotenoid degradation product,Carotenoid degradation product (C13 norisoprenoid),Carotenoid degradation product (C13 norisoprenoid),Carotenoid degradation product,布卢门醇A，C13降异戊二烯醇，由叶黄素裂解产生，具有木香和甜香。,中 - 烟草木香和甜香的贡献者
METAB_00018,Brevicomins,metabolite,,C10H16O2,Carotenoid degradation product,Carotenoid degradation product (C13 norisoprenoid),Carotenoid degradation product (C13 norisoprenoid),Carotenoid degradation product,短尾酮类化合物，由类胡萝卜素裂解产生的C10双环酮醇，具有甜香和果香。,中 - 增加烟草甜香和果香
METAB_00019,Vomifoliol,metabolite,,C13H20O3,Carotenoid degradation product,Carotenoid degradation product (C13 norisoprenoid),Carotenoid degradation product (C13 norisoprenoid),Carotenoid degradation product,催吐醇，C13降异戊二烯三醇，是β-大马酮等香气物质的氧化前体。,中 - 重要香气前体
METAB_00020,"4,4-Dihydroxy-β-ionone",metabolite,,C13H20O3,Carotenoid degradation product,Carotenoid degradation product (C13 norisoprenoid),Carotenoid degradation product (C13 norisoprenoid),Carotenoid degradation product,"4,4-二羟基-β-紫罗兰酮，β-紫罗兰酮的双羟基衍生物。",中 - 香气前体物质
METAB_00021,3-Hydroxy-β-ionone,metabolite,,C13H20O2,Carotenoid degradation product,Carotenoid degradation product (C13 norisoprenoid),Carotenoid degradation product (C13 norisoprenoid),Carotenoid degradation product,3-羟基-β-紫罗兰酮，β-紫罗兰酮的羟基衍生物，是烟草中重要的香气前体。,中高 - 重要香气前体和修饰剂
METAB_00022,β-Damascenone glycoside precursor,metabolite,,C19H28O8,Carotenoid degradation product,Carotenoid degradation product (C13 norisoprenoid),Carotenoid degradation product (C13 norisoprenoid),Carotenoid degradation product,β-大马酮糖苷前体，在发酵过程中经糖苷酶水解释放游离β-大马酮。,高 - 重要香气前体库
METAB_00023,3-Hydroxydamascone,metabolite,,C13H20O2,Carotenoid degradation product,Carotenoid degradation product (C13 norisoprenoid),Carotenoid degradation product (C13 norisoprenoid),Carotenoid degradation product,3-羟基大马酮，大马酮的羟基衍生物，具有果香和花香。,中 - 增强烟草果香
METAB_00024,3-Oxo-α-ionone,metabolite,,C13H18O2,Carotenoid degradation product,Carotenoid degradation product (C13 norisoprenoid),Carotenoid degradation product (C13 norisoprenoid),Carotenoid degradation product,3-氧代-α-紫罗兰酮，α-紫罗兰酮的氧化产物。,中 - 香气修饰剂
METAB_00025,3-Oxo-β-ionone,metabolite,,C13H18O2,Carotenoid degradation product,Carotenoid degradation product (C13 norisoprenoid),Carotenoid degradation product (C13 norisoprenoid),Carotenoid degradation product,3-氧代-β-紫罗兰酮，β-紫罗兰酮的氧化产物。,中 - 香气修饰剂
METAB_00026,4-Hydroxy-β-ionone,metabolite,,C13H20O2,Carotenoid degradation product,Carotenoid degradation product (C13 norisoprenoid),Carotenoid degradation product (C13 norisoprenoid),Carotenoid degradation product,4-羟基-β-紫罗兰酮，β-紫罗兰酮的4位羟基衍生物。,中 - 香气前体
METAB_00027,4-Oxo-β-ionone,metabolite,,C13H18O2,Carotenoid degradation product,Carotenoid degradation product (C13 norisoprenoid),Carotenoid degradation product (C13 norisoprenoid),Carotenoid degradation product,4-氧代-β-紫罗兰酮，β-紫罗兰酮的4位氧化产物。,中 - 香气修饰剂
METAB_00028,Dihydroactinidiolide,metabolite,,C11H16O2,Carotenoid degradation product,Carotenoid degradation product (C13 norisoprenoid),Carotenoid degradation product (C13 norisoprenoid),Carotenoid degradation product,二氢猕猴桃内酯，由β-胡萝卜素裂解产生的C11内酯，具有木香和麝香。,高 - 烟草木香和麝香的重要贡献者
METAB_00029,Actinorhodin-related norisoprenoid,metabolite,,C11H14O2,Carotenoid degradation product,Carotenoid degradation product (C13 norisoprenoid),Carotenoid degradation product (C13 norisoprenoid),Carotenoid degradation product,C11降异戊二烯内酯类，与二氢猕猴桃内酯结构相似。,中 - 修饰烟草木香
METAB_00030,Megastigmatrienol,metabolite,,C13H20O,Carotenoid degradation product,Carotenoid degradation product (C13 norisoprenoid),Carotenoid degradation product (C13 norisoprenoid),Carotenoid degradation product,巨豆三烯醇，巨豆三烯酮的还原产物，具有甜香和木香。,中高 - 增强烟草甜香
METAB_00031,Megastigmadienone,metabolite,,C13H18O,Carotenoid degradation product,Carotenoid degradation product (C13 norisoprenoid),Carotenoid degradation product (C13 norisoprenoid),Carotenoid degradation product,巨豆二烯酮，巨豆三烯酮脱氢产物。,中 - 修饰烟草甜香
METAB_00032,Norisoprenoid C14 (β-Damascone epoxide),metabolite,,C13H20O2,Carotenoid degradation product,Carotenoid degradation product (C13 norisoprenoid),Carotenoid degradation product (C13 norisoprenoid),Carotenoid degradation product,β-大马酮环氧化物，由β-大马酮环氧化生成。,中 - 香气前体
METAB_00033,β-Ionone epoxide,metabolite,,C13H20O2,Carotenoid degradation product,Carotenoid degradation product (C13 norisoprenoid),Carotenoid degradation product (C13 norisoprenoid),Carotenoid degradation product,β-紫罗兰酮环氧化物，β-紫罗兰酮的环氧化产物。,中 - 香气前体
METAB_00034,α-Ionol,metabolite,,C13H22O,Carotenoid degradation product,Carotenoid degradation product (C13 norisoprenoid),Carotenoid degradation product (C13 norisoprenoid),Carotenoid degradation product,α-紫罗兰醇，α-紫罗兰酮的还原产物。,中 - 香气前体
METAB_00035,β-Ionol,metabolite,,C13H22O,Carotenoid degradation product,Carotenoid degradation product (C13 norisoprenoid),Carotenoid degradation product (C13 norisoprenoid),Carotenoid degradation product,β-紫罗兰醇，β-紫罗兰酮的还原产物。,中 - 香气前体
METAB_00036,3-Hydroxy-α-ionol,metabolite,,C13H22O2,Carotenoid degradation product,Carotenoid degradation product (C13 norisoprenoid),Carotenoid degradation product (C13 norisoprenoid),Carotenoid degradation product,3-羟基-α-紫罗兰醇，α-紫罗兰醇的羟基衍生物。,中 - 香气前体
METAB_00037,3-Hydroxy-β-ionol,metabolite,,C13H22O2,Carotenoid degradation product,Carotenoid degradation product (C13 norisoprenoid),Carotenoid degradation product (C13 norisoprenoid),Carotenoid degradation product,3-羟基-β-紫罗兰醇，β-紫罗兰醇的羟基衍生物。,中 - 香气前体
METAB_00038,"3-Hydroxy-7,8-dehydro-β-ionol",metabolite,,C13H20O2,Carotenoid degradation product,Carotenoid degradation product (C13 norisoprenoid),Carotenoid degradation product (C13 norisoprenoid),Carotenoid degradation product,"3-羟基-7,8-脱氢-β-紫罗兰醇。",中 - 香气前体
METAB_00039,6-Hydroxy-α-ionol,metabolite,,C13H22O2,Carotenoid degradation product,Carotenoid degradation product (C13 norisoprenoid),Carotenoid degradation product (C13 norisoprenoid),Carotenoid degradation product,6-羟基-α-紫罗兰醇。,中 - 香气前体
METAB_00040,6-Hydroxy-α-ionone,metabolite,,C13H20O2,Carotenoid degradation product,Carotenoid degradation product (C13 norisoprenoid),Carotenoid degradation product (C13 norisoprenoid),Carotenoid degradation product,6-羟基-α-紫罗兰酮。,中 - 香气前体
METAB_00041,Blumenol B,metabolite,,C13H22O3,Carotenoid degradation product,Carotenoid degradation product (C13 norisoprenoid),Carotenoid degradation product (C13 norisoprenoid),Carotenoid degradation product,布卢门醇B，布卢门醇A的异构体。,中 - 香气前体
METAB_00042,Blumenol C,metabolite,,C13H20O3,Carotenoid degradation product,Carotenoid degradation product (C13 norisoprenoid),Carotenoid degradation product (C13 norisoprenoid),Carotenoid degradation product,布卢门醇C，C13降异戊二烯醇。,中 - 香气前体
METAB_00043,"7,8-Dihydrovomifoliol",metabolite,,C13H22O3,Carotenoid degradation product,Carotenoid degradation product (C13 norisoprenoid),Carotenoid degradation product (C13 norisoprenoid),Carotenoid degradation product,"7,8-二氢催吐醇，催吐醇的还原产物。",中 - 香气前体
METAB_00044,Dehydrovomifoliol,metabolite,,C13H18O3,Carotenoid degradation product,Carotenoid degradation product (C13 norisoprenoid),Carotenoid degradation product (C13 norisoprenoid),Carotenoid degradation product,脱氢催吐醇，催吐醇的氧化产物。,中 - 香气前体
METAB_00045,"4-Hydroxy-4,5-dihydro-β-ionone",metabolite,,C13H22O2,Carotenoid degradation product,Carotenoid degradation product (C13 norisoprenoid),Carotenoid degradation product (C13 norisoprenoid),Carotenoid degradation product,"4-羟基-4,5-二氢-β-紫罗兰酮。",中 - 香气前体
METAB_00046,"3-Hydroxy-5,6-epoxy-β-ionone",metabolite,,C13H20O3,Carotenoid degradation product,Carotenoid degradation product (C13 norisoprenoid),Carotenoid degradation product (C13 norisoprenoid),Carotenoid degradation product,"3-羟基-5,6-环氧-β-紫罗兰酮。",中 - 香气前体
METAB_00047,β-Ionyl acetate,metabolite,,C15H24O2,Carotenoid degradation product,Carotenoid degradation product (C13 norisoprenoid),Carotenoid degradation product (C13 norisoprenoid),Carotenoid degradation product,β-紫罗兰醇乙酸酯，糖苷水解后的酯化产物。,中 - 香气修饰剂
METAB_00048,Megastigmatrienone D,metabolite,,C13H18O,Carotenoid degradation product,Carotenoid degradation product (C13 norisoprenoid),Carotenoid degradation product (C13 norisoprenoid),Carotenoid degradation product,巨豆三烯酮D异构体。,高 - 增强烟草甜香
METAB_00049,Megastigmatrienone E,metabolite,,C13H18O,Carotenoid degradation product,Carotenoid degradation product (C13 norisoprenoid),Carotenoid degradation product (C13 norisoprenoid),Carotenoid degradation product,巨豆三烯酮E异构体。,中高 - 增强烟草甜香
METAB_00050,Solanone,metabolite,,C13H22O,Cembranoid degradation product,Cembranoid degradation product,Cembranoid degradation product,Cembranoid degradation product,茄酮，烟草特有的西柏烷类C13酮类化合物，由西柏三烯醇氧化裂解生成，是烟草清甜香的特征成分。,极高 - 烟草清甜香和果甜香的特征成分
METAB_00051,Solanone epoxide,metabolite,,C13H22O2,Cembranoid degradation product,Cembranoid degradation product,Cembranoid degradation product,Cembranoid degradation product,茄酮环氧化物，茄酮的环氧化产物，具有甜香和果香。,高 - 增强烟草甜香和果香
METAB_00052,Nor-solanone,metabolite,,C12H20O,Cembranoid degradation product,Cembranoid degradation product,Cembranoid degradation product,Cembranoid degradation product,降茄酮，茄酮脱甲基产物，香气更浓郁。,中高 - 增强烟草甜香
METAB_00053,Solanol,metabolite,,C13H24O,Cembranoid degradation product,Cembranoid degradation product,Cembranoid degradation product,Cembranoid degradation product,茄醇，茄酮的还原产物，具有甜香和木香。,中高 - 增强烟草甜香
METAB_00054,Solanolanone,metabolite,,C13H20O2,Cembranoid degradation product,Cembranoid degradation product,Cembranoid degradation product,Cembranoid degradation product,茄兰酮，西柏烷类降解产物，具有甜香和木香。,中 - 增强烟草甜香
METAB_00055,Cembranatriene,metabolite,,C20H32,Cembranoid degradation product,Cembranoid degradation product,Cembranoid degradation product,Cembranoid degradation product,西柏三烯，C20二萜烯烃，是西柏烷类化合物的前体。,中高 - 西柏烷类香气前体
METAB_00056,Cembratriene-diol,metabolite,,C20H34O2,Cembranoid degradation product,Cembranoid degradation product,Cembranoid degradation product,Cembranoid degradation product,西柏三烯二醇，C20二萜二醇，是茄酮等重要香气物质的前体。,极高 - 重要香气前体库
METAB_00057,Cembratriene-triol,metabolite,,C20H34O3,Cembranoid degradation product,Cembranoid degradation product,Cembranoid degradation product,Cembranoid degradation product,西柏三烯三醇，西柏三烯二醇的进一步羟基化产物。,高 - 香气前体
METAB_00058,Cembratrienol,metabolite,,C20H34O,Cembranoid degradation product,Cembranoid degradation product,Cembranoid degradation product,Cembranoid degradation product,西柏三烯醇，C20二萜醇。,中高 - 香气前体
METAB_00059,Tabanone (α-Cembrenediol derivative),metabolite,,C14H22O2,Cembranoid degradation product,Cembranoid degradation product,Cembranoid degradation product,Cembranoid degradation product,Tabanone，西柏烷类降解产生的C14酮醇，是烟草特有香气成分。,高 - 烟草特有香气
METAB_00060,Nor-tabanone,metabolite,,C13H20O2,Cembranoid degradation product,Cembranoid degradation product,Cembranoid degradation product,Cembranoid degradation product,降Tabanone，Tabanone脱甲基产物。,中高 - 增强烟草甜香
METAB_00061,Solanone glycoside precursor,metabolite,,C19H32O6,Cembranoid degradation product,Cembranoid degradation product,Cembranoid degradation product,Cembranoid degradation product,茄酮糖苷前体，发酵过程中经糖苷酶水解释放游离茄酮。,高 - 重要香气前体库
METAB_00062,Cembratriene oxide,metabolite,,C20H34O,Cembranoid degradation product,Cembranoid degradation product,Cembranoid degradation product,Cembranoid degradation product,西柏三烯氧化物。,中 - 香气前体
METAB_00063,Cembratriene-diol epoxide,metabolite,,C20H34O3,Cembranoid degradation product,Cembranoid degradation product,Cembranoid degradation product,Cembranoid degradation product,西柏三烯二醇环氧化物。,中 - 香气前体
METAB_00064,Solanone diol,metabolite,,C13H24O2,Cembranoid degradation product,Cembranoid degradation product,Cembranoid degradation product,Cembranoid degradation product,茄酮二醇，茄酮的还原产物。,中 - 香气前体
METAB_00065,Nor-solanol,metabolite,,C12H22O,Cembranoid degradation product,Cembranoid degradation product,Cembranoid degradation product,Cembranoid degradation product,降茄醇，降茄酮的还原产物。,中 - 香气前体
METAB_00066,Solanone aldehyde,metabolite,,C13H20O2,Cembranoid degradation product,Cembranoid degradation product,Cembranoid degradation product,Cembranoid degradation product,茄酮醛，茄酮氧化的中间产物。,中 - 香气前体
METAB_00067,Cembranoid acid,metabolite,,C20H34O3,Cembranoid degradation product,Cembranoid degradation product,Cembranoid degradation product,Cembranoid degradation product,西柏烷酸，西柏三烯二醇的氧化产物。,中 - 香气前体
METAB_00068,Cembrene A,metabolite,,C20H32,Cembranoid degradation product,Cembranoid degradation product,Cembranoid degradation product,Cembranoid degradation product,西柏烯A，C20二萜烯烃。,中 - 香气前体
METAB_00069,Cembrene C,metabolite,,C20H32,Cembranoid degradation product,Cembranoid degradation product,Cembranoid degradation product,Cembranoid degradation product,西柏烯C，西柏烯A的异构体。,中 - 香气前体
METAB_00070,Neophytadiene (diterpene hydrocarbon),metabolite,,C20H38,Cembranoid degradation product / Diterpene,Cembranoid degradation product / Diterpene,Cembranoid degradation product / Diterpene,Cembranoid degradation product / Diterpene,新植二烯，C20二烯烃，是烟草中含量最高的香气物质之一，本身无香气但能显著提升烟气醇和度和香气量。,极高 - 提升烟气香气量和醇和度
METAB_00071,Phytol,metabolite,,C20H40O,Cembranoid degradation product / Diterpene,Cembranoid degradation product / Diterpene,Cembranoid degradation product / Diterpene,Cembranoid degradation product / Diterpene,叶绿醇，C20二萜醇，是叶绿素的侧链成分，发酵中释放后可转化为新植二烯。,高 - 新植二烯前体
METAB_00072,Phytol acetate,metabolite,,C22H42O2,Cembranoid degradation product / Diterpene,Cembranoid degradation product / Diterpene,Cembranoid degradation product / Diterpene,Cembranoid degradation product / Diterpene,叶绿醇乙酸酯。,中 - 香气修饰剂
METAB_00073,Isophytol,metabolite,,C20H40O,Cembranoid degradation product / Diterpene,Cembranoid degradation product / Diterpene,Cembranoid degradation product / Diterpene,Cembranoid degradation product / Diterpene,异叶绿醇，叶绿醇的异构体。,中 - 香气前体
METAB_00074,2-Acetylfuran,metabolite,,C6H6O2,Maillard reaction product,Maillard reaction product (Furan),Maillard reaction product (Furan),Maillard reaction product,2-乙酰呋喃，美拉德反应产物，由糖类热降解或发酵中微生物转化生成，具有甜香和烘烤香。,高 - 烟草甜香和烘烤香的重要贡献者
METAB_00075,2-Acetylpyrrole,metabolite,,C6H7NO,Maillard reaction product,Maillard reaction product (Pyrrole),Maillard reaction product (Pyrrole),Maillard reaction product,2-乙酰吡咯，美拉德反应产物，由脯氨酸与还原糖反应生成，具有甜香和坚果香。,中高 - 增强烟草甜香和坚果香
METAB_00076,5-Methylfurfural,metabolite,,C6H6O2,Maillard reaction product,Maillard reaction product (Furan),Maillard reaction product (Furan),Maillard reaction product,5-甲基糠醛，由6-脱氧糖(如鼠李糖)热降解或发酵生成，具有甜香和焦糖香。,高 - 烟草甜香和焦糖香的贡献者
METAB_00077,Furfural,metabolite,C01510,C5H4O2,Maillard reaction product,Maillard reaction product (Furan),Maillard reaction product (Furan),Maillard reaction product,糠醛，由戊糖(如木糖)酸催化脱水或微生物发酵生成，是烟草烘烤香的核心成分。,极高 - 烟草烘烤香和甜香的核心成分
METAB_00078,2-Furfuryl alcohol,metabolite,,C5H6O2,Maillard reaction product,Maillard reaction product (Furan),Maillard reaction product (Furan),Maillard reaction product,糠醇，糠醛的还原产物，具有焦糖香和烘烤香。,高 - 烟草烘烤香的贡献者
METAB_00079,2-Acetyl-1-pyrroline,metabolite,,C6H9NO,Maillard reaction product,Maillard reaction product (Pyrroline),Maillard reaction product (Pyrroline),Maillard reaction product,2-乙酰-1-吡咯啉，美拉德反应产物，具有极强的爆米花香，香气阈值极低。,极高 - 烟草爆米花香和烤香的特征成分
METAB_00080,2-Acetylthiazole,metabolite,,C5H5NOS,Maillard reaction product,Maillard reaction product (Thiazole),Maillard reaction product (Thiazole),Maillard reaction product,2-乙酰噻唑，由半胱氨酸和糖的美拉德反应生成，具有坚果香和烤香。,高 - 烟草坚果香和烤香的贡献者
METAB_00081,2-Acetyl-2-thiazoline,metabolite,,C5H7NOS,Maillard reaction product,Maillard reaction product (Thiazoline),Maillard reaction product (Thiazoline),Maillard reaction product,2-乙酰-2-噻唑啉，由半胱氨酸和糖的美拉德反应生成，具有烤香和坚果香。,高 - 烟草烤香的特征成分
METAB_00082,Furfuryl thiol (2-Furanmethanethiol),metabolite,,C5H6OS,Maillard reaction product,Maillard reaction product (Furan thiol),Maillard reaction product (Furan thiol),Maillard reaction product,糠硫醇，由半胱氨酸-糠醛加合物降解或微生物转化生成，具有极强的咖啡香和烤香。,极高 - 烟草咖啡香和烤香的特征成分
METAB_00083,Pyrazine,metabolite,,C4H4N2,Maillard reaction product,Maillard reaction product (Pyrazine),Maillard reaction product (Pyrazine),Maillard reaction product,吡嗪，最简单的吡嗪类化合物，由两个氨基乙醛缩合生成，具有坚果香和烤香。,中 - 烟草烤香的基础成分
METAB_00084,2-Methylpyrazine,metabolite,,C5H6N2,Maillard reaction product,Maillard reaction product (Pyrazine),Maillard reaction product (Pyrazine),Maillard reaction product,2-甲基吡嗪，由苏氨酸和糖的美拉德反应生成，具有坚果香和烤香。,高 - 烟草坚果香和烤香的贡献者
METAB_00085,"2,3-Dimethylpyrazine",metabolite,,C6H8N2,Maillard reaction product,Maillard reaction product (Pyrazine),Maillard reaction product (Pyrazine),Maillard reaction product,"2,3-二甲基吡嗪，由苏氨酸和丙氨酸的美拉德反应生成，具有坚果香和烤香。",高 - 烟草坚果香和烤香的贡献者
METAB_00086,"2,5-Dimethylpyrazine",metabolite,,C6H8N2,Maillard reaction product,Maillard reaction product (Pyrazine),Maillard reaction product (Pyrazine),Maillard reaction product,"2,5-二甲基吡嗪，由苏氨酸自缩合或与丙氨酸反应生成，具有坚果香和烤香。",高 - 烟草坚果香和烤香的核心成分
METAB_00087,"2,6-Dimethylpyrazine",metabolite,,C6H8N2,Maillard reaction product,Maillard reaction product (Pyrazine),Maillard reaction product (Pyrazine),Maillard reaction product,"2,6-二甲基吡嗪，2,5-二甲基吡嗉的异构体。",中高 - 增强烟草坚果香
METAB_00088,"2,3,5-Trimethylpyrazine",metabolite,,C7H10N2,Maillard reaction product,Maillard reaction product (Pyrazine),Maillard reaction product (Pyrazine),Maillard reaction product,"2,3,5-三甲基吡嗪，由苏氨酸、丙氨酸和缬氨酸的美拉德反应生成，具有坚果香和烤香。",高 - 烟草坚果香和烤香的重要贡献者
METAB_00089,"2,3,5,6-Tetramethylpyrazine",metabolite,,C8H12N2,Maillard reaction product,Maillard reaction product (Pyrazine),Maillard reaction product (Pyrazine),Maillard reaction product,"2,3,5,6-四甲基吡嗪(川芎嗪)，由丙酮醛和氨基乙醛缩合或微生物发酵生成，具有坚果香和烤香。",高 - 烟草坚果香和烤香的贡献者
METAB_00090,"2-Ethyl-3,5-dimethylpyrazine",metabolite,,C8H12N2,Maillard reaction product,Maillard reaction product (Pyrazine),Maillard reaction product (Pyrazine),Maillard reaction product,"2-乙基-3,5-二甲基吡嗪，由苏氨酸、丙氨酸和异亮氨酸的美拉德反应生成。",极高 - 香气阈值极低，对烤香贡献大
METAB_00091,"2-Ethyl-3,6-dimethylpyrazine",metabolite,,C8H12N2,Maillard reaction product,Maillard reaction product (Pyrazine),Maillard reaction product (Pyrazine),Maillard reaction product,"2-乙基-3,6-二甲基吡嗪，2-乙基-3,5-二甲基吡嗪的异构体。",极高 - 香气阈值极低
METAB_00092,2-Ethyl-5-methylpyrazine,metabolite,,C7H10N2,Maillard reaction product,Maillard reaction product (Pyrazine),Maillard reaction product (Pyrazine),Maillard reaction product,2-乙基-5-甲基吡嗪。,中高 - 增强烟草烤香
METAB_00093,2-Ethyl-6-methylpyrazine,metabolite,,C7H10N2,Maillard reaction product,Maillard reaction product (Pyrazine),Maillard reaction product (Pyrazine),Maillard reaction product,2-乙基-6-甲基吡嗪。,中高 - 增强烟草烤香
METAB_00094,2-Ethylpyrazine,metabolite,,C6H8N2,Maillard reaction product,Maillard reaction product (Pyrazine),Maillard reaction product (Pyrazine),Maillard reaction product,2-乙基吡嗪。,中 - 增强烟草烤香
METAB_00095,Acetylpyrazine,metabolite,,C6H6N2O,Maillard reaction product,Maillard reaction product (Pyrazine),Maillard reaction product (Pyrazine),Maillard reaction product,乙酰吡嗪，吡嗪的乙酰衍生物，具有坚果香和爆米花香。,中高 - 增强烟草爆米花香
METAB_00096,"2,3-Diethylpyrazine",metabolite,,C8H12N2,Maillard reaction product,Maillard reaction product (Pyrazine),Maillard reaction product (Pyrazine),Maillard reaction product,"2,3-二乙基吡嗪。",高 - 香气阈值低
METAB_00097,"2,3-Diethyl-5-methylpyrazine",metabolite,,C9H14N2,Maillard reaction product,Maillard reaction product (Pyrazine),Maillard reaction product (Pyrazine),Maillard reaction product,"2,3-二乙基-5-甲基吡嗪，香气阈值极低。",极高 - 香气阈值极低
METAB_00098,"2,5-Diethylpyrazine",metabolite,,C8H12N2,Maillard reaction product,Maillard reaction product (Pyrazine),Maillard reaction product (Pyrazine),Maillard reaction product,"2,5-二乙基吡嗪。",中高 - 增强烟草烤香
METAB_00099,"2,3,5-Trimethyl-6-ethylpyrazine",metabolite,,C9H14N2,Maillard reaction product,Maillard reaction product (Pyrazine),Maillard reaction product (Pyrazine),Maillard reaction product,"2,3,5-三甲基-6-乙基吡嗪。",中高 - 增强烟草烤香
METAB_00100,Methoxypyrazine,metabolite,,C5H6N2O,Maillard reaction product,Maillard reaction product (Pyrazine),Maillard reaction product (Pyrazine),Maillard reaction product,甲氧基吡嗪，具有青椒样香气。,极高 - 香气阈值极低
METAB_00101,2-Methoxy-3-isopropylpyrazine,metabolite,,C8H12N2O,Maillard reaction product,Maillard reaction product (Pyrazine),Maillard reaction product (Pyrazine),Maillard reaction product,2-甲氧基-3-异丙基吡嗪，具有极强的青椒香。,极高 - 香气阈值极低(0.002 ng/L)
METAB_00102,2-Methoxy-3-isobutylpyrazine,metabolite,,C9H14N2O,Maillard reaction product,Maillard reaction product (Pyrazine),Maillard reaction product (Pyrazine),Maillard reaction product,2-甲氧基-3-异丁基吡嗪，具有极强的青椒香(铃兰香)。,极高 - 香气阈值极低(0.002 ng/L)
METAB_00103,2-Methoxy-3-sec-butylpyrazine,metabolite,,C9H14N2O,Maillard reaction product,Maillard reaction product (Pyrazine),Maillard reaction product (Pyrazine),Maillard reaction product,2-甲氧基-3-仲丁基吡嗪。,高 - 香气阈值极低
METAB_00104,"4-Hydroxy-2,5-dimethyl-3(2H)-furanone (HDMF, Furaneol)",metabolite,,C6H8O3,Maillard reaction product,Maillard reaction product (Furanone),Maillard reaction product (Furanone),Maillard reaction product,"4-羟基-2,5-二甲基-3(2H)-呋喃酮(呋喃酮)，由6-脱氧糖或鼠李糖代谢生成，具有草莓样甜香和焦糖香。",极高 - 烟草甜香和焦糖香的核心成分
METAB_00105,"4-Methoxy-2,5-dimethyl-3(2H)-furanone (DMMF)",metabolite,,C7H10O3,Maillard reaction product,Maillard reaction product (Furanone),Maillard reaction product (Furanone),Maillard reaction product,"4-甲氧基-2,5-二甲基-3(2H)-呋喃酮，HDMF的甲基化产物，具有更浓郁的甜香。",高 - 增强烟草甜香和果香
METAB_00106,2-Ethyl-4-hydroxy-5-methyl-3(2H)-furanone (Homofuraneol),metabolite,,C7H10O3,Maillard reaction product,Maillard reaction product (Furanone),Maillard reaction product (Furanone),Maillard reaction product,2-乙基-4-羟基-5-甲基-3(2H)-呋喃酮(高呋喃酮)，HDMF的乙基同系物。,高 - 增强烟草甜香和焦糖香
METAB_00107,"2,5-Dimethyl-4-methoxy-3(2H)-furanone",metabolite,,C7H10O3,Maillard reaction product,Maillard reaction product (Furanone),Maillard reaction product (Furanone),Maillard reaction product,"2,5-二甲基-4-甲氧基-3(2H)-呋喃酮。",中高 - 增强烟草甜香
METAB_00108,"Sotolone (3-Hydroxy-4,5-dimethyl-2(5H)-furanone)",metabolite,,C6H8O3,Maillard reaction product,Maillard reaction product (Furanone),Maillard reaction product (Furanone),Maillard reaction product,"Sotolone(3-羟基-4,5-二甲基-2(5H)-呋喃酮)，由α-酮丁酸缩合生成，具有极强的枫糖香。",极高 - 香气阈值极低，烟草甜香和枫糖香的贡献者
METAB_00109,Maltol,metabolite,C06174,C6H6O3,Maillard reaction product,Maillard reaction product (Pyranone),Maillard reaction product (Pyranone),Maillard reaction product,麦芽酚，由淀粉或糖类热降解或微生物发酵生成，具有甜香和焦糖香。,高 - 烟草甜香和焦糖香的贡献者
METAB_00110,Ethylmaltol,metabolite,,C7H8O3,Maillard reaction product,Maillard reaction product (Pyranone),Maillard reaction product (Pyranone),Maillard reaction product,乙基麦芽酚，麦芽酚的乙基同系物，甜香更强。,中高 - 增强烟草甜香
METAB_00111,Cyclotene (3-Methyl-2-cyclopenten-2-ol-1-one),metabolite,,C6H8O2,Maillard reaction product,Maillard reaction product (Cyclopentenone),Maillard reaction product (Cyclopentenone),Maillard reaction product,Cyclotene(3-甲基-2-环戊烯-2-醇-1-酮)，由糖类热降解生成，具有焦糖香和枫糖香。,高 - 烟草焦糖香和枫糖香的贡献者
METAB_00112,3-Methyl-2-cyclopenten-2-ol-1-one,metabolite,,C6H8O2,Maillard reaction product,Maillard reaction product (Cyclopentenone),Maillard reaction product (Cyclopentenone),Maillard reaction product,3-甲基-2-环戊烯-2-醇-1-酮，与Cyclotene结构相似。,高 - 烟草焦糖香的贡献者
METAB_00113,2-Methyl-3-furanthiol,metabolite,,C5H6OS,Maillard reaction product,Maillard reaction product (Furan thiol),Maillard reaction product (Furan thiol),Maillard reaction product,2-甲基-3-呋喃硫醇，由半胱氨酸-呋喃加合物降解或微生物转化生成，具有肉香和烤香。,极高 - 香气阈值极低，烟草肉香的贡献者
METAB_00114,Methional (3-(Methylthio)propanal),metabolite,,C4H8OS,Maillard reaction product,Maillard reaction product (Sulfur aldehyde),Maillard reaction product (Sulfur aldehyde),Maillard reaction product,甲硫醛，由蛋氨酸经转氨和脱羧生成，具有煮土豆香。,极高 - 香气阈值极低，烟草煮土豆香的贡献者
METAB_00115,Methionol (3-(Methylthio)-1-propanol),metabolite,,C4H10OS,Maillard reaction product,Maillard reaction product (Sulfur alcohol),Maillard reaction product (Sulfur alcohol),Maillard reaction product,甲硫醇，甲硫醛的还原产物，具有肉汤香和甜香。,高 - 烟草肉汤香的贡献者
METAB_00116,Phenylacetaldehyde,metabolite,C00538,C8H8O,Maillard reaction product,Maillard reaction product (Aromatic aldehyde),Maillard reaction product (Aromatic aldehyde),Maillard reaction product,苯乙醛，由苯丙氨酸经转氨和脱羧生成，具有蜂蜜香和花香。,极高 - 烟草蜂蜜香和花香的贡献者
METAB_00117,3-Methylbutanal,metabolite,,C5H10O,Maillard reaction product,Maillard reaction product (Aldehyde),Maillard reaction product (Aldehyde),Maillard reaction product,3-甲基丁醛，由亮氨酸经转氨和脱羧生成，具有麦芽香和巧克力香。,极高 - 烟草麦芽香和巧克力香的贡献者
METAB_00118,2-Methylbutanal,metabolite,,C5H10O,Maillard reaction product,Maillard reaction product (Aldehyde),Maillard reaction product (Aldehyde),Maillard reaction product,2-甲基丁醛，由异亮氨酸经转氨和脱羧生成，具有麦芽香和果香。,高 - 烟草麦芽香的贡献者
METAB_00119,Phenylethanol (2-Phenylethanol),metabolite,,C8H10O,Phenylpropanoid/benzenoid compound,Phenylpropanoid/benzenoid compound,Phenylpropanoid/benzenoid compound,Phenylpropanoid/benzenoid compound,苯乙醇，由苯丙氨酸经转氨、脱羧和还原生成，是烟草玫瑰花香的核心成分。,极高 - 烟草玫瑰花香的核心成分
METAB_00120,Benzaldehyde,metabolite,C00261,C7H6O,Phenylpropanoid/benzenoid compound,Phenylpropanoid/benzenoid compound,Phenylpropanoid/benzenoid compound,Phenylpropanoid/benzenoid compound,苯甲醛，由苯丙氨酸经转氨和脱羧或扁桃酸途径生成，具有杏仁香。,高 - 烟草杏仁香的贡献者
METAB_00121,Benzyl alcohol,metabolite,C00566,C7H8O,Phenylpropanoid/benzenoid compound,Phenylpropanoid/benzenoid compound,Phenylpropanoid/benzenoid compound,Phenylpropanoid/benzenoid compound,苯甲醇，由苯甲醛还原或苯丙氨酸代谢生成，具有甜香和花香。,高 - 烟草甜香和花香的贡献者
METAB_00122,Methyl salicylate,metabolite,,C8H8O3,Phenylpropanoid/benzenoid compound,Phenylpropanoid/benzenoid compound,Phenylpropanoid/benzenoid compound,Phenylpropanoid/benzenoid compound,水杨酸甲酯，由水杨酸甲基化生成，具有冬青油样香气。,高 - 烟草冬青油香的贡献者
METAB_00123,Eugenol,metabolite,C03251,C10H12O2,Phenylpropanoid/benzenoid compound,Phenylpropanoid/benzenoid compound,Phenylpropanoid/benzenoid compound,Phenylpropanoid/benzenoid compound,丁香酚，由苯丙氨酸经阿魏酸途径生成，具有丁香样辛香。,高 - 烟草丁香香的贡献者
METAB_00124,Isoeugenol,metabolite,,C10H12O2,Phenylpropanoid/benzenoid compound,Phenylpropanoid/benzenoid compound,Phenylpropanoid/benzenoid compound,Phenylpropanoid/benzenoid compound,异丁香酚，丁香酚的异构体，具有更柔和的丁香香。,中高 - 增强烟草丁香香
METAB_00125,Vanillin,metabolite,C00755,C8H8O3,Phenylpropanoid/benzenoid compound,Phenylpropanoid/benzenoid compound,Phenylpropanoid/benzenoid compound,Phenylpropanoid/benzenoid compound,香兰素，由阿魏酸经侧链降解或微生物转化生成，具有香荚兰豆香。,极高 - 烟草香荚兰豆香的核心成分
METAB_00126,Acetovanillone (Apocynin),metabolite,,C9H10O3,Phenylpropanoid/benzenoid compound,Phenylpropanoid/benzenoid compound,Phenylpropanoid/benzenoid compound,Phenylpropanoid/benzenoid compound,乙酰香草酮，由阿魏酸氧化降解生成，具有甜香和香荚兰豆香。,中高 - 增强烟草香荚兰豆香
METAB_00127,4-Vinylguaiacol,metabolite,,C9H10O2,Phenylpropanoid/benzenoid compound,Phenylpropanoid/benzenoid compound,Phenylpropanoid/benzenoid compound,Phenylpropanoid/benzenoid compound,4-乙烯基愈创木酚，由阿魏酸脱羧生成，具有丁香香和辛香。,高 - 烟草丁香香的贡献者
METAB_00128,Guaiacol,metabolite,C01489,C7H8O2,Phenylpropanoid/benzenoid compound,Phenylpropanoid/benzenoid compound,Phenylpropanoid/benzenoid compound,Phenylpropanoid/benzenoid compound,愈创木酚，由阿魏酸或芥子酸降解生成，具有烟熏香和辛香。,高 - 烟草烟熏香的贡献者
METAB_00129,4-Ethylguaiacol,metabolite,,C9H12O2,Phenylpropanoid/benzenoid compound,Phenylpropanoid/benzenoid compound,Phenylpropanoid/benzenoid compound,Phenylpropanoid/benzenoid compound,4-乙基愈创木酚，由4-乙烯基愈创木酚还原生成，具有烟熏香和丁香香。,高 - 烟草烟熏香和丁香香的贡献者
METAB_00130,4-Methylguaiacol (Creosol),metabolite,,C8H10O2,Phenylpropanoid/benzenoid compound,Phenylpropanoid/benzenoid compound,Phenylpropanoid/benzenoid compound,Phenylpropanoid/benzenoid compound,4-甲基愈创木酚，由阿魏酸脱羧和还原生成，具有烟熏香和甜香。,中高 - 增强烟草烟熏香
METAB_00131,Cinnamaldehyde,metabolite,,C9H8O,Phenylpropanoid/benzenoid compound,Phenylpropanoid/benzenoid compound,Phenylpropanoid/benzenoid compound,Phenylpropanoid/benzenoid compound,肉桂醛，由苯丙氨酸经PAL和β-氧化生成，具有肉桂样辛香。,中高 - 烟草肉桂香的贡献者
METAB_00132,Cinnamyl alcohol,metabolite,,C9H10O,Phenylpropanoid/benzenoid compound,Phenylpropanoid/benzenoid compound,Phenylpropanoid/benzenoid compound,Phenylpropanoid/benzenoid compound,肉桂醇，肉桂醛的还原产物，具有甜香和花香。,中 - 增强烟草甜香和花香
METAB_00133,Methyl cinnamate,metabolite,,C10H10O2,Phenylpropanoid/benzenoid compound,Phenylpropanoid/benzenoid compound,Phenylpropanoid/benzenoid compound,Phenylpropanoid/benzenoid compound,肉桂酸甲酯，由肉桂酸甲基化生成，具有甜香和果香。,中 - 增强烟草甜香和果香
METAB_00134,Ethyl cinnamate,metabolite,,C11H12O2,Phenylpropanoid/benzenoid compound,Phenylpropanoid/benzenoid compound,Phenylpropanoid/benzenoid compound,Phenylpropanoid/benzenoid compound,肉桂酸乙酯，由肉桂酸和乙醇酯化生成，具有甜香和果香。,中 - 增强烟草甜香和果香
METAB_00135,2-Phenylethyl acetate,metabolite,,C10H12O2,Phenylpropanoid/benzenoid compound,Phenylpropanoid/benzenoid compound,Phenylpropanoid/benzenoid compound,Phenylpropanoid/benzenoid compound,苯乙醇乙酸酯，由苯乙醇和乙酰CoA酯化生成，具有玫瑰花香和果香。,高 - 烟草玫瑰花香的贡献者
METAB_00136,Benzyl acetate,metabolite,,C9H10O2,Phenylpropanoid/benzenoid compound,Phenylpropanoid/benzenoid compound,Phenylpropanoid/benzenoid compound,Phenylpropanoid/benzenoid compound,乙酸苄酯，由苯甲醇和乙酰CoA酯化生成，具有茉莉花香和果香。,中高 - 增强烟草茉莉花香
METAB_00137,4-Hydroxybenzaldehyde,metabolite,,C7H6O2,Phenylpropanoid/benzenoid compound,Phenylpropanoid/benzenoid compound,Phenylpropanoid/benzenoid compound,Phenylpropanoid/benzenoid compound,对羟基苯甲醛，由酪氨酸代谢或对香豆酸降解生成，具有甜香和轻微杏仁香。,中高 - 烟草甜香的贡献者
METAB_00138,Salicylaldehyde,metabolite,,C7H6O2,Phenylpropanoid/benzenoid compound,Phenylpropanoid/benzenoid compound,Phenylpropanoid/benzenoid compound,Phenylpropanoid/benzenoid compound,水杨醛，由邻羟基苯甲醇氧化或水杨酸还原生成，具有辛香和杏仁香。,中 - 增强烟草辛香
METAB_00139,Phenol,metabolite,,C6H6O,Phenylpropanoid/benzenoid compound,Phenylpropanoid/benzenoid compound,Phenylpropanoid/benzenoid compound,Phenylpropanoid/benzenoid compound,苯酚，由苯甲酸脱羧或酪氨酸代谢生成，具有酚味和烟熏香。,中 - 烟草烟熏香的贡献者
METAB_00140,Cresol (p-Cresol),metabolite,,C7H8O,Phenylpropanoid/benzenoid compound,Phenylpropanoid/benzenoid compound,Phenylpropanoid/benzenoid compound,Phenylpropanoid/benzenoid compound,甲酚(对甲酚)，由酪氨酸经4-羟基苯乙酸途径生成，具有酚味和烟熏香。,中 - 烟草烟熏香的贡献者
METAB_00141,4-Ethylphenol,metabolite,,C8H10O,Phenylpropanoid/benzenoid compound,Phenylpropanoid/benzenoid compound,Phenylpropanoid/benzenoid compound,Phenylpropanoid/benzenoid compound,4-乙基苯酚，由4-乙烯基苯酚还原生成，具有酚味和烟熏香。,中高 - 烟草烟熏香的贡献者
METAB_00142,4-Vinylphenol,metabolite,,C8H8O,Phenylpropanoid/benzenoid compound,Phenylpropanoid/benzenoid compound,Phenylpropanoid/benzenoid compound,Phenylpropanoid/benzenoid compound,4-乙烯基苯酚，由对香豆酸脱羧生成，具有酚味和烟熏香。,中高 - 烟草烟熏香的贡献者
METAB_00143,p-Coumaric acid,metabolite,,C9H8O3,Phenylpropanoid/benzenoid compound,Phenylpropanoid/benzenoid compound,Phenylpropanoid/benzenoid compound,Phenylpropanoid/benzenoid compound,对香豆酸，由酪氨酸经TAL脱氨生成，是苯丙烷类代谢的重要中间体。,高 - 苯丙烷类代谢枢纽
METAB_00144,Ferulic acid,metabolite,C01494,C10H10O4,Phenylpropanoid/benzenoid compound,Phenylpropanoid/benzenoid compound,Phenylpropanoid/benzenoid compound,Phenylpropanoid/benzenoid compound,阿魏酸，由对香豆酸3-羟基化和甲基化生成，是木质素和香兰素的前体。,高 - 木质素和香兰素前体
METAB_00145,Sinapic acid,metabolite,,C11H12O5,Phenylpropanoid/benzenoid compound,Phenylpropanoid/benzenoid compound,Phenylpropanoid/benzenoid compound,Phenylpropanoid/benzenoid compound,芥子酸，由阿魏酸进一步羟基化和甲基化生成。,中高 - 木质素前体
METAB_00146,Caffeic acid,metabolite,C01197,C9H8O4,Phenylpropanoid/benzenoid compound,Phenylpropanoid/benzenoid compound,Phenylpropanoid/benzenoid compound,Phenylpropanoid/benzenoid compound,咖啡酸，由对香豆酸3-羟基化生成，是阿魏酸和木质素的前体。,中高 - 苯丙烷类代谢中间体
METAB_00147,Cinnamic acid,metabolite,C00423,C9H8O2,Phenylpropanoid/benzenoid compound,Phenylpropanoid/benzenoid compound,Phenylpropanoid/benzenoid compound,Phenylpropanoid/benzenoid compound,肉桂酸，由苯丙氨酸经PAL脱氨生成，是苯丙烷类代谢的起始化合物。,高 - 苯丙烷类代谢枢纽
METAB_00148,p-Hydroxybenzyl alcohol,metabolite,,C7H8O2,Phenylpropanoid/benzenoid compound,Phenylpropanoid/benzenoid compound,Phenylpropanoid/benzenoid compound,Phenylpropanoid/benzenoid compound,对羟基苯甲醇，由对羟基苯甲醛还原生成。,中 - 香气前体
METAB_00149,Syringaldehyde,metabolite,,C9H10O4,Phenylpropanoid/benzenoid compound,Phenylpropanoid/benzenoid compound,Phenylpropanoid/benzenoid compound,Phenylpropanoid/benzenoid compound,丁香醛，由芥子酸β-氧化降解生成，具有甜香和香荚兰豆香。,中高 - 烟草甜香的贡献者
METAB_00150,Acetosyringone,metabolite,,C10H12O4,Phenylpropanoid/benzenoid compound,Phenylpropanoid/benzenoid compound,Phenylpropanoid/benzenoid compound,Phenylpropanoid/benzenoid compound,乙酰丁香酮，由芥子酸β-氧化降解生成，具有甜香和辛香。,中 - 增强烟草甜香
METAB_00151,Syringol,metabolite,,C8H10O2,Phenylpropanoid/benzenoid compound,Phenylpropanoid/benzenoid compound,Phenylpropanoid/benzenoid compound,Phenylpropanoid/benzenoid compound,"丁香酚(2,6-二甲氧基苯酚)，由芥子酸降解生成，具有烟熏香和辛香。",中 - 烟草烟熏香的贡献者
METAB_00152,4-Methylsyringol,metabolite,,C9H12O2,Phenylpropanoid/benzenoid compound,Phenylpropanoid/benzenoid compound,Phenylpropanoid/benzenoid compound,Phenylpropanoid/benzenoid compound,4-甲基丁香酚，丁香酚的甲基衍生物。,中 - 增强烟草烟熏香
METAB_00153,4-Ethylsyringol,metabolite,,C10H14O2,Phenylpropanoid/benzenoid compound,Phenylpropanoid/benzenoid compound,Phenylpropanoid/benzenoid compound,Phenylpropanoid/benzenoid compound,4-乙基丁香酚，丁香酚的乙基衍生物。,中 - 增强烟草烟熏香
METAB_00154,4-Vinylsyringol,metabolite,,C10H12O2,Phenylpropanoid/benzenoid compound,Phenylpropanoid/benzenoid compound,Phenylpropanoid/benzenoid compound,Phenylpropanoid/benzenoid compound,4-乙烯基丁香酚，由芥子酸脱羧生成。,中 - 香气前体
METAB_00155,"Veratrole (1,2-Dimethoxybenzene)",metabolite,,C8H10O2,Phenylpropanoid/benzenoid compound,Phenylpropanoid/benzenoid compound,Phenylpropanoid/benzenoid compound,Phenylpropanoid/benzenoid compound,"藜芦醚(1,2-二甲氧基苯)，由愈创木酚甲基化生成。",中 - 增强烟草甜香
METAB_00156,Veratraldehyde,metabolite,,C9H10O3,Phenylpropanoid/benzenoid compound,Phenylpropanoid/benzenoid compound,Phenylpropanoid/benzenoid compound,Phenylpropanoid/benzenoid compound,藜芦醛，由香兰素甲基化生成，具有甜香和香荚兰豆香。,中 - 增强烟草香荚兰豆香
METAB_00157,Veratryl alcohol,metabolite,,C9H12O3,Phenylpropanoid/benzenoid compound,Phenylpropanoid/benzenoid compound,Phenylpropanoid/benzenoid compound,Phenylpropanoid/benzenoid compound,藜芦醇，藜芦醛的还原产物。,中 - 香气前体
METAB_00158,Homovanillic acid,metabolite,,C9H10O4,Phenylpropanoid/benzenoid compound,Phenylpropanoid/benzenoid compound,Phenylpropanoid/benzenoid compound,Phenylpropanoid/benzenoid compound,高香草酸，由阿魏酸β-氧化生成。,中 - 代谢中间体
METAB_00159,Protocatechuic acid,metabolite,,C7H6O4,Phenylpropanoid/benzenoid compound,Phenylpropanoid/benzenoid compound,Phenylpropanoid/benzenoid compound,Phenylpropanoid/benzenoid compound,原儿茶酸，由对香豆酸或咖啡酸降解生成。,中 - 代谢中间体
METAB_00160,Vanillic acid,metabolite,C06622,C8H8O4,Phenylpropanoid/benzenoid compound,Phenylpropanoid/benzenoid compound,Phenylpropanoid/benzenoid compound,Phenylpropanoid/benzenoid compound,香草酸，由阿魏酸β-氧化或香兰素氧化生成。,中高 - 香兰素代谢中间体
METAB_00161,Syringic acid,metabolite,,C9H10O5,Phenylpropanoid/benzenoid compound,Phenylpropanoid/benzenoid compound,Phenylpropanoid/benzenoid compound,Phenylpropanoid/benzenoid compound,丁香酸，由芥子酸β-氧化或丁香醛氧化生成。,中 - 代谢中间体
METAB_00162,Coniferyl aldehyde,metabolite,,C10H10O3,Phenylpropanoid/benzenoid compound,Phenylpropanoid/benzenoid compound,Phenylpropanoid/benzenoid compound,Phenylpropanoid/benzenoid compound,松柏醛，由阿魏酸还原或苯丙烷类代谢生成，是木质素和丁香酚的前体。,中高 - 木质素前体
METAB_00163,Coniferyl alcohol,metabolite,,C10H12O3,Phenylpropanoid/benzenoid compound,Phenylpropanoid/benzenoid compound,Phenylpropanoid/benzenoid compound,Phenylpropanoid/benzenoid compound,松柏醇，松柏醛的还原产物，是木质素单体(G单体)的前体。,中 - 木质素前体
METAB_00164,Sinapyl aldehyde,metabolite,,C11H12O4,Phenylpropanoid/benzenoid compound,Phenylpropanoid/benzenoid compound,Phenylpropanoid/benzenoid compound,Phenylpropanoid/benzenoid compound,芥子醛，由芥子酸还原生成，是木质素单体(S单体)的前体。,中 - 木质素前体
METAB_00165,Sinapyl alcohol,metabolite,,C11H14O4,Phenylpropanoid/benzenoid compound,Phenylpropanoid/benzenoid compound,Phenylpropanoid/benzenoid compound,Phenylpropanoid/benzenoid compound,芥子醇，芥子醛的还原产物，是木质素S单体。,中 - 木质素前体
METAB_00166,p-Coumaryl alcohol,metabolite,,C9H10O2,Phenylpropanoid/benzenoid compound,Phenylpropanoid/benzenoid compound,Phenylpropanoid/benzenoid compound,Phenylpropanoid/benzenoid compound,对香豆醇，由对香豆醛还原生成，是木质素H单体。,中 - 木质素前体
METAB_00167,p-Coumaraldehyde,metabolite,,C9H8O2,Phenylpropanoid/benzenoid compound,Phenylpropanoid/benzenoid compound,Phenylpropanoid/benzenoid compound,Phenylpropanoid/benzenoid compound,对香豆醛，由对香豆酸还原生成。,中 - 木质素前体
METAB_00168,Methyl vanillate,metabolite,,C9H10O4,Phenylpropanoid/benzenoid compound,Phenylpropanoid/benzenoid compound,Phenylpropanoid/benzenoid compound,Phenylpropanoid/benzenoid compound,香草酸甲酯，由香草酸甲基化生成。,中 - 增强烟草甜香
METAB_00169,Methyl syringate,metabolite,,C10H12O5,Phenylpropanoid/benzenoid compound,Phenylpropanoid/benzenoid compound,Phenylpropanoid/benzenoid compound,Phenylpropanoid/benzenoid compound,丁香酸甲酯，由丁香酸甲基化生成。,中 - 增强烟草甜香
METAB_00170,Ethyl vanillate,metabolite,,C10H12O4,Phenylpropanoid/benzenoid compound,Phenylpropanoid/benzenoid compound,Phenylpropanoid/benzenoid compound,Phenylpropanoid/benzenoid compound,香草酸乙酯，由香草酸和乙醇酯化生成。,中 - 增强烟草甜香
METAB_00171,Benzyl benzoate,metabolite,,C14H12O2,Phenylpropanoid/benzenoid compound,Phenylpropanoid/benzenoid compound,Phenylpropanoid/benzenoid compound,Phenylpropanoid/benzenoid compound,苯甲酸苄酯，由苯甲醇和苯甲酸酯化生成。,中 - 增强烟草甜香和花香
METAB_00172,2-Phenylethyl benzoate,metabolite,,C15H14O2,Phenylpropanoid/benzenoid compound,Phenylpropanoid/benzenoid compound,Phenylpropanoid/benzenoid compound,Phenylpropanoid/benzenoid compound,苯甲酸苯乙酯。,中 - 增强烟草花香
METAB_00173,Phenylpropanal (3-Phenylpropanal),metabolite,,C9H10O,Phenylpropanoid/benzenoid compound,Phenylpropanoid/benzenoid compound,Phenylpropanoid/benzenoid compound,Phenylpropanoid/benzenoid compound,3-苯丙醛(氢化肉桂醛)，由肉桂醛还原生成。,中 - 增强烟草甜香和花香
METAB_00174,3-Phenyl-1-propanol,metabolite,,C9H12O,Phenylpropanoid/benzenoid compound,Phenylpropanoid/benzenoid compound,Phenylpropanoid/benzenoid compound,Phenylpropanoid/benzenoid compound,3-苯丙醇，由3-苯丙醛还原生成。,中 - 增强烟草甜香和花香
METAB_00175,Methyl phenylacetate,metabolite,,C9H10O2,Phenylpropanoid/benzenoid compound,Phenylpropanoid/benzenoid compound,Phenylpropanoid/benzenoid compound,Phenylpropanoid/benzenoid compound,苯乙酸甲酯，由苯乙酸甲基化生成，具有蜂蜜香和花香。,中 - 增强烟草蜂蜜香
METAB_00176,Ethyl phenylacetate,metabolite,,C10H12O2,Phenylpropanoid/benzenoid compound,Phenylpropanoid/benzenoid compound,Phenylpropanoid/benzenoid compound,Phenylpropanoid/benzenoid compound,苯乙酸乙酯，由苯乙酸和乙醇酯化生成，具有蜂蜜香和果香。,中高 - 增强烟草蜂蜜香和果香
METAB_00177,Phenylacetic acid,metabolite,,C8H8O2,Phenylpropanoid/benzenoid compound,Phenylpropanoid/benzenoid compound,Phenylpropanoid/benzenoid compound,Phenylpropanoid/benzenoid compound,苯乙酸，由苯乙醛氧化或苯丙氨酸代谢生成，具有蜂蜜香。,高 - 烟草蜂蜜香的贡献者
METAB_00178,2-Methoxyphenol (Guaiacol isomer),metabolite,,C7H8O2,Phenylpropanoid/benzenoid compound,Phenylpropanoid/benzenoid compound,Phenylpropanoid/benzenoid compound,Phenylpropanoid/benzenoid compound,2-甲氧基苯酚(愈创木酚)，由阿魏酸降解生成。,高 - 烟草烟熏香的贡献者
METAB_00179,"2,6-Dimethylphenol",metabolite,,C8H10O,Phenylpropanoid/benzenoid compound,Phenylpropanoid/benzenoid compound,Phenylpropanoid/benzenoid compound,Phenylpropanoid/benzenoid compound,"2,6-二甲基苯酚，由酪氨酸或苯丙氨酸代谢生成。",中 - 增强烟草烟熏香
METAB_00180,"2,4-Dimethylphenol",metabolite,,C8H10O,Phenylpropanoid/benzenoid compound,Phenylpropanoid/benzenoid compound,Phenylpropanoid/benzenoid compound,Phenylpropanoid/benzenoid compound,"2,4-二甲基苯酚。",中 - 增强烟草烟熏香
METAB_00181,"2,6-Dimethoxyphenol",metabolite,,C8H10O3,Phenylpropanoid/benzenoid compound,Phenylpropanoid/benzenoid compound,Phenylpropanoid/benzenoid compound,Phenylpropanoid/benzenoid compound,"2,6-二甲氧基苯酚(丁香酚)，由芥子酸降解生成。",中 - 增强烟草烟熏香
METAB_00182,"Catechol (1,2-Benzenediol)",metabolite,,C6H6O2,Phenylpropanoid/benzenoid compound,Phenylpropanoid/benzenoid compound,Phenylpropanoid/benzenoid compound,Phenylpropanoid/benzenoid compound,"儿茶酚(1,2-苯二酚)，由原儿茶酸脱羧或酪氨酸代谢生成。",中 - 代谢中间体
METAB_00183,"Resorcinol (1,3-Benzenediol)",metabolite,,C6H6O2,Phenylpropanoid/benzenoid compound,Phenylpropanoid/benzenoid compound,Phenylpropanoid/benzenoid compound,Phenylpropanoid/benzenoid compound,"间苯二酚(1,3-苯二酚)。",中 - 代谢中间体
METAB_00184,"Hydroquinone (1,4-Benzenediol)",metabolite,,C6H6O2,Phenylpropanoid/benzenoid compound,Phenylpropanoid/benzenoid compound,Phenylpropanoid/benzenoid compound,Phenylpropanoid/benzenoid compound,"对苯二酚(1,4-苯二酚)，由4-羟基苯甲酸脱羧生成。",中 - 代谢中间体
METAB_00185,Linalool,metabolite,C01583,C10H18O,Terpenoid,Terpenoid (Monoterpenoid),Terpenoid (Monoterpenoid),Terpenoid,芳樟醇，由GPP经单萜合酶催化生成，是烟草花香和甜香的核心成分。,极高 - 烟草花香和甜香的核心成分
METAB_00186,Linalool oxide (furanoid),metabolite,,C10H18O2,Terpenoid,Terpenoid (Monoterpenoid oxide),Terpenoid (Monoterpenoid oxide),Terpenoid,呋喃型芳樟醇氧化物，由芳樟醇环氧化和环化生成，具有木香和花香。,高 - 烟草木香和花香的贡献者
METAB_00187,Linalool oxide (pyranoid),metabolite,,C10H18O2,Terpenoid,Terpenoid (Monoterpenoid oxide),Terpenoid (Monoterpenoid oxide),Terpenoid,吡喃型芳樟醇氧化物，呋喃型氧化物的异构体。,高 - 烟草木香和花香的贡献者
METAB_00188,Geraniol,metabolite,C01500,C10H18O,Terpenoid,Terpenoid (Monoterpenoid),Terpenoid (Monoterpenoid),Terpenoid,香叶醇，由GPP经香叶醇合酶催化生成，具有玫瑰花香和甜香。,高 - 烟草玫瑰花香的贡献者
METAB_00189,Nerol,metabolite,,C10H18O,Terpenoid,Terpenoid (Monoterpenoid),Terpenoid (Monoterpenoid),Terpenoid,橙花醇，香叶醇的顺式异构体，具有玫瑰花香和甜香。,中高 - 增强烟草玫瑰花香
METAB_00190,Citronellol,metabolite,,C10H20O,Terpenoid,Terpenoid (Monoterpenoid),Terpenoid (Monoterpenoid),Terpenoid,香茅醇，由香叶醇或橙花醇还原生成，具有玫瑰花香和甜香。,中高 - 增强烟草玫瑰花香
METAB_00191,α-Terpineol,metabolite,,C10H18O,Terpenoid,Terpenoid (Monoterpenoid),Terpenoid (Monoterpenoid),Terpenoid,α-松油醇，由芳樟醇环化或柠檬烯水合生成，具有松木香和花香。,中高 - 增强烟草松木香和花香
METAB_00192,β-Citronellene,metabolite,,C10H20,Terpenoid,Terpenoid (Monoterpenoid hydrocarbon),Terpenoid (Monoterpenoid hydrocarbon),Terpenoid,β-香茅烯，香茅醇的脱氧产物。,中 - 增强烟草花香
METAB_00193,Limonene,metabolite,C00321,C10H16,Terpenoid,Terpenoid (Monoterpenoid),Terpenoid (Monoterpenoid),Terpenoid,柠檬烯，由GPP经柠檬烯合酶催化生成，具有柑橘香。,高 - 烟草柑橘香的贡献者
METAB_00194,α-Pinene,metabolite,,C10H16,Terpenoid,Terpenoid (Monoterpenoid),Terpenoid (Monoterpenoid),Terpenoid,α-蒎烯，由GPP经α-蒎烯合酶催化生成，具有松木香和树脂香。,中高 - 增强烟草松木香
METAB_00195,β-Pinene,metabolite,,C10H16,Terpenoid,Terpenoid (Monoterpenoid),Terpenoid (Monoterpenoid),Terpenoid,β-蒎烯，α-蒎烯的异构体，具有松木香和树脂香。,中高 - 增强烟草松木香
METAB_00196,Camphene,metabolite,,C10H16,Terpenoid,Terpenoid (Monoterpenoid),Terpenoid (Monoterpenoid),Terpenoid,莰烯，由α-蒎烯异构化生成，具有樟脑香。,中 - 增强烟草樟脑香
METAB_00197,Myrcene,metabolite,,C10H16,Terpenoid,Terpenoid (Monoterpenoid),Terpenoid (Monoterpenoid),Terpenoid,月桂烯，由GPP经月桂烯合酶催化生成，具有草本香和辛香。,中 - 增强烟草草本香
METAB_00198,Ocimene,metabolite,,C10H16,Terpenoid,Terpenoid (Monoterpenoid),Terpenoid (Monoterpenoid),Terpenoid,罗勒烯，由GPP经罗勒烯合酶催化生成，具有草本香和花香。,中 - 增强烟草草本香和花香
METAB_00199,Terpinene,metabolite,,C10H16,Terpenoid,Terpenoid (Monoterpenoid),Terpenoid (Monoterpenoid),Terpenoid,萜品烯，由GPP经萜品烯合酶催化生成，具有松木香和辛香。,中 - 增强烟草松木香
METAB_00200,γ-Terpinene,metabolite,,C10H16,Terpenoid,Terpenoid (Monoterpenoid),Terpenoid (Monoterpenoid),Terpenoid,γ-萜品烯，萜品烯的异构体。,中 - 增强烟草辛香
METAB_00201,Terpinolene,metabolite,,C10H16,Terpenoid,Terpenoid (Monoterpenoid),Terpenoid (Monoterpenoid),Terpenoid,萜品油烯，由GPP经萜品油烯合酶催化生成。,中 - 增强烟草松木香
METAB_00202,p-Cymene,metabolite,,C10H14,Terpenoid,Terpenoid (Monoterpenoid),Terpenoid (Monoterpenoid),Terpenoid,对伞花烃，由柠檬烯脱氢生成，具有辛香和柑橘香。,中 - 增强烟草辛香
METAB_00203,"1,8-Cineole (Eucalyptol)",metabolite,,C10H18O,Terpenoid,Terpenoid (Monoterpenoid),Terpenoid (Monoterpenoid),Terpenoid,"1,8-桉叶油醇，由柠檬烯或α-萜品醇环氧化生成，具有桉树香和清凉感。",中高 - 增强烟草清凉感
METAB_00204,Citronellal,metabolite,,C10H18O,Terpenoid,Terpenoid (Monoterpenoid),Terpenoid (Monoterpenoid),Terpenoid,香茅醛，由香茅醇氧化或香叶醇还原生成，具有柠檬香和清凉感。,中高 - 增强烟草柠檬香
METAB_00205,Geranial,metabolite,,C10H16O,Terpenoid,Terpenoid (Monoterpenoid),Terpenoid (Monoterpenoid),Terpenoid,香叶醛(柠檬醛a)，由香叶醇氧化生成，具有柠檬香。,中高 - 增强烟草柠檬香
METAB_00206,Neral,metabolite,,C10H16O,Terpenoid,Terpenoid (Monoterpenoid),Terpenoid (Monoterpenoid),Terpenoid,橙花醛(柠檬醛b)，香叶醛的顺式异构体。,中高 - 增强烟草柠檬香
METAB_00207,Citronellyl acetate,metabolite,,C12H22O2,Terpenoid,Terpenoid (Monoterpenoid ester),Terpenoid (Monoterpenoid ester),Terpenoid,香茅醇乙酸酯，由香茅醇和乙酰CoA酯化生成。,中 - 增强烟草花香和果香
METAB_00208,Geranyl acetate,metabolite,,C12H20O2,Terpenoid,Terpenoid (Monoterpenoid ester),Terpenoid (Monoterpenoid ester),Terpenoid,香叶醇乙酸酯，由香叶醇和乙酰CoA酯化生成。,中 - 增强烟草花香和果香
METAB_00209,Neryl acetate,metabolite,,C12H20O2,Terpenoid,Terpenoid (Monoterpenoid ester),Terpenoid (Monoterpenoid ester),Terpenoid,橙花醇乙酸酯，香叶醇乙酸酯的顺式异构体。,中 - 增强烟草花香和果香
METAB_00210,Linalyl acetate,metabolite,,C12H20O2,Terpenoid,Terpenoid (Monoterpenoid ester),Terpenoid (Monoterpenoid ester),Terpenoid,芳樟醇乙酸酯，由芳樟醇和乙酰CoA酯化生成。,中 - 增强烟草花香和果香
METAB_00211,α-Terpinyl acetate,metabolite,,C12H20O2,Terpenoid,Terpenoid (Monoterpenoid ester),Terpenoid (Monoterpenoid ester),Terpenoid,α-松油醇乙酸酯。,中 - 增强烟草松木香
METAB_00212,Bornyl acetate,metabolite,,C12H20O2,Terpenoid,Terpenoid (Monoterpenoid ester),Terpenoid (Monoterpenoid ester),Terpenoid,龙脑乙酸酯，由龙脑和乙酰CoA酯化生成。,中 - 增强烟草松木香和清凉感
METAB_00213,Borneol,metabolite,,C10H18O,Terpenoid,Terpenoid (Monoterpenoid),Terpenoid (Monoterpenoid),Terpenoid,龙脑，由莰烯水合或樟脑还原生成，具有松木香和清凉感。,中 - 增强烟草松木香和清凉感
METAB_00214,Camphor,metabolite,,C10H16O,Terpenoid,Terpenoid (Monoterpenoid),Terpenoid (Monoterpenoid),Terpenoid,樟脑，由龙脑氧化生成，具有樟脑香和清凉感。,中 - 增强烟草樟脑香
METAB_00215,Isoborneol,metabolite,,C10H18O,Terpenoid,Terpenoid (Monoterpenoid),Terpenoid (Monoterpenoid),Terpenoid,异龙脑，龙脑的异构体。,中 - 增强烟草松木香
METAB_00216,Carvone,metabolite,,C10H14O,Terpenoid,Terpenoid (Monoterpenoid),Terpenoid (Monoterpenoid),Terpenoid,香芹酮，由柠檬烯氧化生成，具有薄荷香和留兰香。,中 - 增强烟草薄荷香
METAB_00217,Carveol,metabolite,,C10H16O,Terpenoid,Terpenoid (Monoterpenoid),Terpenoid (Monoterpenoid),Terpenoid,香芹醇，由柠檬烯羟基化生成，是香芹酮的前体。,中 - 香芹酮前体
METAB_00218,Dihydrocarveol,metabolite,,C10H18O,Terpenoid,Terpenoid (Monoterpenoid),Terpenoid (Monoterpenoid),Terpenoid,二氢香芹醇，香芹醇的还原产物。,中 - 增强烟草薄荷香
METAB_00219,Pulegone,metabolite,,C10H16O,Terpenoid,Terpenoid (Monoterpenoid),Terpenoid (Monoterpenoid),Terpenoid,胡薄荷酮，由薄荷酮异构化生成，具有薄荷香。,中 - 增强烟草薄荷香
METAB_00220,Menthone,metabolite,,C10H18O,Terpenoid,Terpenoid (Monoterpenoid),Terpenoid (Monoterpenoid),Terpenoid,薄荷酮，由薄荷醇氧化生成，具有薄荷香。,中 - 增强烟草薄荷香
METAB_00221,Menthol,metabolite,,C10H20O,Terpenoid,Terpenoid (Monoterpenoid),Terpenoid (Monoterpenoid),Terpenoid,薄荷醇，由胡薄荷酮还原生成，具有薄荷香和清凉感。,中高 - 增强烟草清凉感
METAB_00222,Menthyl acetate,metabolite,,C12H22O2,Terpenoid,Terpenoid (Monoterpenoid ester),Terpenoid (Monoterpenoid ester),Terpenoid,薄荷醇乙酸酯。,中 - 增强烟草薄荷香
METAB_00223,Verbenone,metabolite,,C10H14O,Terpenoid,Terpenoid (Monoterpenoid),Terpenoid (Monoterpenoid),Terpenoid,马鞭草酮，由α-蒎烯氧化生成，具有松木香和薄荷香。,中 - 增强烟草松木香
METAB_00224,Verbenol,metabolite,,C10H16O,Terpenoid,Terpenoid (Monoterpenoid),Terpenoid (Monoterpenoid),Terpenoid,马鞭草醇，由α-蒎烯羟基化生成，是马鞭草酮的前体。,中 - 马鞭草酮前体
METAB_00225,Myrtenol,metabolite,,C10H16O,Terpenoid,Terpenoid (Monoterpenoid),Terpenoid (Monoterpenoid),Terpenoid,桃金娘烯醇，由α-蒎烯羟基化生成。,中 - 增强烟草松木香
METAB_00226,Myrtenal,metabolite,,C10H14O,Terpenoid,Terpenoid (Monoterpenoid),Terpenoid (Monoterpenoid),Terpenoid,桃金娘烯醛，由桃金娘烯醇氧化生成。,中 - 增强烟草松木香
METAB_00227,Perillaldehyde,metabolite,,C10H14O,Terpenoid,Terpenoid (Monoterpenoid),Terpenoid (Monoterpenoid),Terpenoid,紫苏醛，由柠檬烯氧化生成，具有紫苏香。,中 - 增强烟草辛香
METAB_00228,Perillyl alcohol,metabolite,,C10H16O,Terpenoid,Terpenoid (Monoterpenoid),Terpenoid (Monoterpenoid),Terpenoid,紫苏醇，紫苏醛的还原产物。,中 - 紫苏醛前体
METAB_00229,β-Caryophyllene,metabolite,,C15H24,Terpenoid,Terpenoid (Sesquiterpenoid),Terpenoid (Sesquiterpenoid),Terpenoid,β-石竹烯，由FPP经石竹烯合酶催化生成，具有木香和辛香。,高 - 烟草木香和辛香的贡献者
METAB_00230,α-Humulene,metabolite,,C15H24,Terpenoid,Terpenoid (Sesquiterpenoid),Terpenoid (Sesquiterpenoid),Terpenoid,α-葎草烯，由FPP经葎草烯合酶催化生成，具有木香和辛香。,高 - 烟草木香和辛香的贡献者
METAB_00231,Caryophyllene oxide,metabolite,,C15H24O,Terpenoid,Terpenoid (Sesquiterpenoid oxide),Terpenoid (Sesquiterpenoid oxide),Terpenoid,石竹烯氧化物，由β-石竹烯环氧化生成，具有木香和辛香。,中高 - 增强烟草木香和辛香
METAB_00232,Nerolidol,metabolite,C02093,C15H26O,Terpenoid,Terpenoid (Sesquiterpenoid),Terpenoid (Sesquiterpenoid),Terpenoid,橙花叔醇，由FPP经橙花叔醇合酶催化生成，具有花香和木香。,高 - 烟草花香和木香的贡献者
METAB_00233,Farnesol,metabolite,C01439,C15H26O,Terpenoid,Terpenoid (Sesquiterpenoid),Terpenoid (Sesquiterpenoid),Terpenoid,金合欢醇，由FPP水解生成，是法尼基化反应的前体。,高 - 烟草花香和木香的贡献者
METAB_00234,Farnesal,metabolite,,C15H24O,Terpenoid,Terpenoid (Sesquiterpenoid),Terpenoid (Sesquiterpenoid),Terpenoid,金合欢醛，由金合欢醇氧化生成。,中 - 金合欢醇代谢中间体
METAB_00235,α-Bisabolol,metabolite,,C15H26O,Terpenoid,Terpenoid (Sesquiterpenoid),Terpenoid (Sesquiterpenoid),Terpenoid,α-甜没药醇，由FPP经甜没药醇合酶催化生成，具有花香和甜香。,中高 - 增强烟草花香和甜香
METAB_00236,α-Bisabolene,metabolite,,C15H24,Terpenoid,Terpenoid (Sesquiterpenoid),Terpenoid (Sesquiterpenoid),Terpenoid,α-甜没药烯，α-甜没药醇的脱氧产物。,中 - 增强烟草花香
METAB_00237,β-Bisabolene,metabolite,,C15H24,Terpenoid,Terpenoid (Sesquiterpenoid),Terpenoid (Sesquiterpenoid),Terpenoid,β-甜没药烯，α-甜没药烯的异构体。,中 - 增强烟草花香
METAB_00238,γ-Bisabolene,metabolite,,C15H24,Terpenoid,Terpenoid (Sesquiterpenoid),Terpenoid (Sesquiterpenoid),Terpenoid,γ-甜没药烯。,中 - 增强烟草花香
METAB_00239,Zingiberene,metabolite,,C15H24,Terpenoid,Terpenoid (Sesquiterpenoid),Terpenoid (Sesquiterpenoid),Terpenoid,姜烯，由FPP经姜烯合酶催化生成，具有姜香。,中 - 增强烟草姜香
METAB_00240,β-Sesquiphellandrene,metabolite,,C15H24,Terpenoid,Terpenoid (Sesquiterpenoid),Terpenoid (Sesquiterpenoid),Terpenoid,β-倍半水芹烯，姜烯的异构体。,中 - 增强烟草姜香
METAB_00241,ar-Curcumene,metabolite,,C15H22,Terpenoid,Terpenoid (Sesquiterpenoid),Terpenoid (Sesquiterpenoid),Terpenoid,芳姜黄酮，由姜烯脱氢生成。,中 - 增强烟草姜香
METAB_00242,Valencene,metabolite,,C15H24,Terpenoid,Terpenoid (Sesquiterpenoid),Terpenoid (Sesquiterpenoid),Terpenoid,瓦伦西亚烯，由FPP经瓦伦西亚烯合酶催化生成，具有柑橘香。,中 - 增强烟草柑橘香
METAB_00243,Nootkatone,metabolite,,C15H22O,Terpenoid,Terpenoid (Sesquiterpenoid),Terpenoid (Sesquiterpenoid),Terpenoid,诺卡酮，由瓦伦西亚烯氧化生成，具有葡萄柚香。,中高 - 增强烟草葡萄柚香
METAB_00244,Cadinol,metabolite,,C15H26O,Terpenoid,Terpenoid (Sesquiterpenoid),Terpenoid (Sesquiterpenoid),Terpenoid,杜松醇，由FPP经杜松醇合酶催化生成，具有木香和辛香。,中 - 增强烟草木香
METAB_00245,δ-Cadinene,metabolite,,C15H24,Terpenoid,Terpenoid (Sesquiterpenoid),Terpenoid (Sesquiterpenoid),Terpenoid,δ-杜松烯，由FPP经杜松烯合酶催化生成。,中 - 增强烟草木香
METAB_00246,γ-Cadinene,metabolite,,C15H24,Terpenoid,Terpenoid (Sesquiterpenoid),Terpenoid (Sesquiterpenoid),Terpenoid,γ-杜松烯，δ-杜松烯的异构体。,中 - 增强烟草木香
METAB_00247,Germacrene D,metabolite,,C15H24,Terpenoid,Terpenoid (Sesquiterpenoid),Terpenoid (Sesquiterpenoid),Terpenoid,大根香叶烯D，由FPP经大根香叶烯D合酶催化生成。,中 - 增强烟草木香和花香
METAB_00248,Germacrene A,metabolite,,C15H24,Terpenoid,Terpenoid (Sesquiterpenoid),Terpenoid (Sesquiterpenoid),Terpenoid,大根香叶烯A。,中 - 增强烟草木香
METAB_00249,Germacrene B,metabolite,,C15H24,Terpenoid,Terpenoid (Sesquiterpenoid),Terpenoid (Sesquiterpenoid),Terpenoid,大根香叶烯B。,中 - 增强烟草木香
METAB_00250,β-Elemene,metabolite,,C15H24,Terpenoid,Terpenoid (Sesquiterpenoid),Terpenoid (Sesquiterpenoid),Terpenoid,β-榄香烯，由大根香叶烯重排生成。,中 - 增强烟草木香
METAB_00251,δ-Elemene,metabolite,,C15H24,Terpenoid,Terpenoid (Sesquiterpenoid),Terpenoid (Sesquiterpenoid),Terpenoid,δ-榄香烯，β-榄香烯的异构体。,中 - 增强烟草木香
METAB_00252,Patchoulol,metabolite,,C15H26O,Terpenoid,Terpenoid (Sesquiterpenoid),Terpenoid (Sesquiterpenoid),Terpenoid,广藿香醇，由FPP经广藿香醇合酶催化生成，具有广藿香。,中 - 增强烟草木香
METAB_00253,Patchoulene,metabolite,,C15H24,Terpenoid,Terpenoid (Sesquiterpenoid),Terpenoid (Sesquiterpenoid),Terpenoid,广藿香烯，广藿香醇的脱氧产物。,中 - 增强烟草木香
METAB_00254,Cedrol,metabolite,,C15H26O,Terpenoid,Terpenoid (Sesquiterpenoid),Terpenoid (Sesquiterpenoid),Terpenoid,雪松醇，由FPP经雪松醇合酶催化生成，具有雪松木香。,中 - 增强烟草木香
METAB_00255,α-Cedrene,metabolite,,C15H24,Terpenoid,Terpenoid (Sesquiterpenoid),Terpenoid (Sesquiterpenoid),Terpenoid,α-雪松烯，雪松醇的脱氧产物。,中 - 增强烟草木香
METAB_00256,β-Cedrene,metabolite,,C15H24,Terpenoid,Terpenoid (Sesquiterpenoid),Terpenoid (Sesquiterpenoid),Terpenoid,β-雪松烯，α-雪松烯的异构体。,中 - 增强烟草木香
METAB_00257,Thujopsene,metabolite,,C15H24,Terpenoid,Terpenoid (Sesquiterpenoid),Terpenoid (Sesquiterpenoid),Terpenoid,罗汉柏烯，由FPP经罗汉柏烯合酶催化生成。,中 - 增强烟草木香
METAB_00258,Widdrol,metabolite,,C15H26O,Terpenoid,Terpenoid (Sesquiterpenoid),Terpenoid (Sesquiterpenoid),Terpenoid,韦得醇，由FPP经韦得醇合酶催化生成。,中 - 增强烟草木香
METAB_00259,Longifolene,metabolite,,C15H24,Terpenoid,Terpenoid (Sesquiterpenoid),Terpenoid (Sesquiterpenoid),Terpenoid,长叶烯，由FPP经长叶烯合酶催化生成，具有木香。,中 - 增强烟草木香
METAB_00260,Isolongifolene,metabolite,,C15H24,Terpenoid,Terpenoid (Sesquiterpenoid),Terpenoid (Sesquiterpenoid),Terpenoid,异长叶烯，长叶烯的异构体。,中 - 增强烟草木香
METAB_00261,Copaene,metabolite,,C15H24,Terpenoid,Terpenoid (Sesquiterpenoid),Terpenoid (Sesquiterpenoid),Terpenoid,古巴烯，由FPP经古巴烯合酶催化生成。,中 - 增强烟草木香
METAB_00262,Ylangene,metabolite,,C15H24,Terpenoid,Terpenoid (Sesquiterpenoid),Terpenoid (Sesquiterpenoid),Terpenoid,依兰烯，古巴烯的异构体。,中 - 增强烟草木香
METAB_00263,α-Cubebene,metabolite,,C15H24,Terpenoid,Terpenoid (Sesquiterpenoid),Terpenoid (Sesquiterpenoid),Terpenoid,α-荜澄茄烯。,中 - 增强烟草木香
METAB_00264,β-Cubebene,metabolite,,C15H24,Terpenoid,Terpenoid (Sesquiterpenoid),Terpenoid (Sesquiterpenoid),Terpenoid,β-荜澄茄烯。,中 - 增强烟草木香
METAB_00265,α-Copaene oxide,metabolite,,C15H24O,Terpenoid,Terpenoid (Sesquiterpenoid oxide),Terpenoid (Sesquiterpenoid oxide),Terpenoid,α-古巴烯氧化物。,中 - 增强烟草木香
METAB_00266,Solavetivone,metabolite,,C15H22O,Terpenoid,Terpenoid (Sesquiterpenoid),Terpenoid (Sesquiterpenoid),Terpenoid,茄酮草酮，由FPP经倍半萜合酶催化生成，具有木香和辛香。,中高 - 烟草特有倍半萜酮
METAB_00267,Vetispiradiene,metabolite,,C15H24,Terpenoid,Terpenoid (Sesquiterpenoid),Terpenoid (Sesquiterpenoid),Terpenoid,维提螺旋二烯，Solavetivone的前体。,中 - Solavetivone前体
METAB_00268,Capsidiol,metabolite,,C15H26O2,Terpenoid,Terpenoid (Sesquiterpenoid),Terpenoid (Sesquiterpenoid),Terpenoid,辣椒二醇，由维提螺旋二烯羟基化生成。,中 - 植物保卫素
METAB_00269,Rishitin,metabolite,,C15H24O2,Terpenoid,Terpenoid (Sesquiterpenoid),Terpenoid (Sesquiterpenoid),Terpenoid,日齐素，由FPP经倍半萜合酶催化生成。,中 - 植物保卫素
METAB_00270,Lubimin,metabolite,,C15H24O2,Terpenoid,Terpenoid (Sesquiterpenoid),Terpenoid (Sesquiterpenoid),Terpenoid,鲁比明，由维提螺旋二烯氧化生成。,中 - 植物保卫素
METAB_00271,Geranylacetone,metabolite,,C13H22O,Terpenoid,Terpenoid (Diterpenoid degradation product),Terpenoid (Diterpenoid degradation product),Terpenoid,香叶基丙酮，由GGPP或番茄红素裂解生成，具有花香和果香。,高 - 烟草花香和果香的贡献者
METAB_00272,6-Methyl-5-hepten-2-one (MHO),metabolite,,C8H14O,Terpenoid,Terpenoid (Diterpenoid degradation product),Terpenoid (Diterpenoid degradation product),Terpenoid,6-甲基-5-庚烯-2-酮(MHO)，由番茄红素或GGPP裂解生成，具有果香和青草香。,高 - 烟草果香和青草香的贡献者
METAB_00273,6-Methyl-5-hepten-2-ol,metabolite,,C8H16O,Terpenoid,Terpenoid (Diterpenoid degradation product),Terpenoid (Diterpenoid degradation product),Terpenoid,6-甲基-5-庚烯-2-醇，MHO的还原产物。,中高 - 增强烟草果香
METAB_00274,Pseudoionone,metabolite,,C13H20O,Terpenoid,Terpenoid (Diterpenoid degradation product),Terpenoid (Diterpenoid degradation product),Terpenoid,假紫罗兰酮，由香叶基丙酮异构化或GGPP裂解生成。,中 - 紫罗兰酮前体
METAB_00275,Geranylacetone epoxide,metabolite,,C13H22O2,Terpenoid,Terpenoid (Diterpenoid degradation product),Terpenoid (Diterpenoid degradation product),Terpenoid,香叶基丙酮环氧化物。,中 - 香气前体
METAB_00276,"6-Methyl-3,5-heptadien-2-one",metabolite,,C8H12O,Terpenoid,Terpenoid (Diterpenoid degradation product),Terpenoid (Diterpenoid degradation product),Terpenoid,"6-甲基-3,5-庚二烯-2-酮，MHO的脱氢产物。",中 - 增强烟草果香
METAB_00277,Farnesylacetone,metabolite,,C18H30O,Terpenoid,Terpenoid (Diterpenoid degradation product),Terpenoid (Diterpenoid degradation product),Terpenoid,金合欢基丙酮，由GGPP裂解生成。,中 - 增强烟草木香
METAB_00278,"Phytone (6,10,14-Trimethyl-2-pentadecanone)",metabolite,,C18H36O,Terpenoid,Terpenoid (Diterpenoid degradation product),Terpenoid (Diterpenoid degradation product),Terpenoid,"植酮(6,10,14-三甲基-2-十五烷酮)，由植醇降解生成。",中高 - 增强烟草木香和甜香
METAB_00279,Phytadiene,metabolite,,C20H38,Terpenoid,Terpenoid (Diterpenoid),Terpenoid (Diterpenoid),Terpenoid,植二烯，由植醇脱水生成，是新植二烯的异构体。,高 - 提升烟气醇和度
METAB_00280,Pristane,metabolite,,C19H40,Terpenoid,Terpenoid (Diterpenoid degradation product),Terpenoid (Diterpenoid degradation product),Terpenoid,鲨烯烷，由植醇脱羧和还原生成。,中 - 代谢中间体
METAB_00281,Phytanic acid,metabolite,,C20H40O2,Terpenoid,Terpenoid (Diterpenoid degradation product),Terpenoid (Diterpenoid degradation product),Terpenoid,植烷酸，由植醇氧化生成。,中 - 代谢中间体
METAB_00282,Squalene,metabolite,C00733,C30H50,Terpenoid,Terpenoid (Triterpenoid),Terpenoid (Triterpenoid),Terpenoid,角鲨烯，由两分子FPP缩合生成，是三萜和甾醇的前体。,中高 - 三萜和甾醇前体
METAB_00283,β-Sitosterol,metabolite,,C29H50O,Terpenoid,Terpenoid (Phytosterol),Terpenoid (Phytosterol),Terpenoid,β-谷甾醇，由角鲨烯经环阿乔醇途径生成，是植物甾醇的主要成分。,中 - 植物甾醇
METAB_00284,Stigmasterol,metabolite,,C29H48O,Terpenoid,Terpenoid (Phytosterol),Terpenoid (Phytosterol),Terpenoid,豆甾醇，由β-谷甾醇脱氢生成。,中 - 植物甾醇
METAB_00285,Campesterol,metabolite,,C28H48O,Terpenoid,Terpenoid (Phytosterol),Terpenoid (Phytosterol),Terpenoid,菜油甾醇，由环阿乔醇途径生成。,中 - 植物甾醇
METAB_00286,Cholesterol,metabolite,,C27H46O,Terpenoid,Terpenoid (Sterol),Terpenoid (Sterol),Terpenoid,胆固醇，由植物甾醇脱甲基生成。,中 - 甾醇
METAB_00287,Ethyl acetate,metabolite,,C4H8O2,Ester,Ester,Ester,Ester,乙酸乙酯，由乙醇和乙酰CoA酯化生成，是烟草果香的重要贡献者。,极高 - 烟草果香和溶剂香的核心成分
METAB_00288,Ethyl butyrate,metabolite,,C6H12O2,Ester,Ester,Ester,Ester,丁酸乙酯，由丁酰CoA和乙醇酯化生成，具有果香。,高 - 烟草果香的贡献者
METAB_00289,Ethyl hexanoate,metabolite,,C8H16O2,Ester,Ester,Ester,Ester,己酸乙酯，由己酰CoA和乙醇酯化生成，具有果香和甜香。,高 - 烟草果香和甜香的贡献者
METAB_00290,Ethyl octanoate,metabolite,,C10H20O2,Ester,Ester,Ester,Ester,辛酸乙酯，由辛酰CoA和乙醇酯化生成，具有果香和蜡香。,高 - 烟草果香和蜡香的贡献者
METAB_00291,Ethyl decanoate,metabolite,,C12H24O2,Ester,Ester,Ester,Ester,癸酸乙酯，由癸酰CoA和乙醇酯化生成，具有果香和蜡香。,中高 - 增强烟草果香和蜡香
METAB_00292,Ethyl dodecanoate,metabolite,,C14H28O2,Ester,Ester,Ester,Ester,月桂酸乙酯，由月桂酰CoA和乙醇酯化生成。,中 - 增强烟草蜡香
METAB_00293,Ethyl tetradecanoate (Ethyl myristate),metabolite,,C16H32O2,Ester,Ester,Ester,Ester,肉豆蔻酸乙酯。,中 - 增强烟草蜡香
METAB_00294,Ethyl hexadecanoate (Ethyl palmitate),metabolite,,C18H36O2,Ester,Ester,Ester,Ester,棕榈酸乙酯。,中 - 增强烟草蜡香
METAB_00295,Ethyl octadecanoate (Ethyl stearate),metabolite,,C20H40O2,Ester,Ester,Ester,Ester,硬脂酸乙酯。,中 - 增强烟草蜡香
METAB_00296,Ethyl oleate,metabolite,,C20H38O2,Ester,Ester,Ester,Ester,油酸乙酯。,中 - 增强烟草蜡香
METAB_00297,Ethyl linoleate,metabolite,,C20H36O2,Ester,Ester,Ester,Ester,亚油酸乙酯。,中 - 增强烟草蜡香
METAB_00298,Ethyl lactate,metabolite,,C5H10O3,Ester,Ester,Ester,Ester,乳酸乙酯，由乳酸和乙醇酯化生成，具有果香和奶香。,高 - 烟草果香和奶香的贡献者
METAB_00299,Ethyl 3-hydroxybutyrate,metabolite,,C6H12O3,Ester,Ester,Ester,Ester,3-羟基丁酸乙酯，由3-羟基丁酰CoA和乙醇酯化生成。,中 - 增强烟草果香
METAB_00300,Ethyl 2-methylbutyrate,metabolite,,C7H14O2,Ester,Ester,Ester,Ester,2-甲基丁酸乙酯，由2-甲基丁酰CoA和乙醇酯化生成，具有果香。,高 - 烟草果香的贡献者
METAB_00301,Ethyl 3-methylbutyrate,metabolite,,C7H14O2,Ester,Ester,Ester,Ester,3-甲基丁酸乙酯，由3-甲基丁酰CoA和乙醇酯化生成，具有果香。,高 - 烟草果香的贡献者
METAB_00302,Ethyl 2-methylpropanoate (Ethyl isobutyrate),metabolite,,C6H12O2,Ester,Ester,Ester,Ester,2-甲基丙酸乙酯(异丁酸乙酯)。,中高 - 增强烟草果香
METAB_00303,Ethyl pyruvate,metabolite,,C5H8O3,Ester,Ester,Ester,Ester,丙酮酸乙酯。,中 - 增强烟草甜香
METAB_00304,Ethyl acetoacetate,metabolite,,C6H10O3,Ester,Ester,Ester,Ester,乙酰乙酸乙酯。,中 - 增强烟草果香
METAB_00305,Isoamyl acetate,metabolite,,C7H14O2,Ester,Ester,Ester,Ester,异戊醇乙酸酯(乙酸异戊酯)，由异戊醇和乙酰CoA酯化生成，具有香蕉香。,极高 - 烟草香蕉香和果香的核心成分
METAB_00306,Isobutyl acetate,metabolite,,C6H12O2,Ester,Ester,Ester,Ester,异丁醇乙酸酯(乙酸异丁酯)，由异丁醇和乙酰CoA酯化生成。,高 - 增强烟草果香
METAB_00307,Hexyl acetate,metabolite,,C8H16O2,Ester,Ester,Ester,Ester,己醇乙酸酯(乙酸己酯)，由己醇和乙酰CoA酯化生成，具有果香。,高 - 烟草果香的贡献者
METAB_00308,Heptyl acetate,metabolite,,C9H18O2,Ester,Ester,Ester,Ester,庚醇乙酸酯。,中 - 增强烟草果香
METAB_00309,Octyl acetate,metabolite,,C10H20O2,Ester,Ester,Ester,Ester,辛醇乙酸酯。,中 - 增强烟草果香
METAB_00310,Nonyl acetate,metabolite,,C11H22O2,Ester,Ester,Ester,Ester,壬醇乙酸酯。,中 - 增强烟草果香
METAB_00311,Decyl acetate,metabolite,,C12H24O2,Ester,Ester,Ester,Ester,癸醇乙酸酯。,中 - 增强烟草蜡香
METAB_00312,Phenylpropyl acetate,metabolite,,C11H14O2,Ester,Ester,Ester,Ester,苯丙醇乙酸酯。,中 - 增强烟草花香
METAB_00313,Cinnamyl acetate,metabolite,,C11H12O2,Ester,Ester,Ester,Ester,肉桂醇乙酸酯。,中 - 增强烟草甜香和花香
METAB_00314,Methyl benzoate,metabolite,,C8H8O2,Ester,Ester,Ester,Ester,苯甲酸甲酯，由苯甲酸甲基化生成，具有花香和果香。,中高 - 增强烟草花香和果香
METAB_00315,Ethyl benzoate,metabolite,,C9H10O2,Ester,Ester,Ester,Ester,苯甲酸乙酯，由苯甲酸和乙醇酯化生成。,中高 - 增强烟草花香和果香
METAB_00316,Methyl anthranilate,metabolite,,C8H9NO2,Ester,Ester,Ester,Ester,邻氨基苯甲酸甲酯，由邻氨基苯甲酸甲基化生成，具有葡萄香。,高 - 烟草葡萄香的贡献者
METAB_00317,Ethyl anthranilate,metabolite,,C9H11NO2,Ester,Ester,Ester,Ester,邻氨基苯甲酸乙酯。,中 - 增强烟草葡萄香
METAB_00318,Methyl nicotinate,metabolite,,C7H7NO2,Ester,Ester,Ester,Ester,烟酸甲酯，由烟酸甲基化生成。,中 - 增强烟草清香
METAB_00319,Ethyl nicotinate,metabolite,,C8H9NO2,Ester,Ester,Ester,Ester,烟酸乙酯。,中 - 增强烟草清香
METAB_00320,Methyl 2-furoate,metabolite,,C6H6O3,Ester,Ester,Ester,Ester,糠酸甲酯，由糠酸甲基化生成。,中 - 增强烟草甜香
METAB_00321,Ethyl 2-furoate,metabolite,,C7H8O3,Ester,Ester,Ester,Ester,糠酸乙酯。,中 - 增强烟草甜香
METAB_00322,Isoamyl butyrate,metabolite,,C9H18O2,Ester,Ester,Ester,Ester,丁酸异戊酯。,中 - 增强烟草果香
METAB_00323,Isoamyl hexanoate,metabolite,,C11H22O2,Ester,Ester,Ester,Ester,己酸异戊酯。,中 - 增强烟草果香
METAB_00324,Isoamyl octanoate,metabolite,,C13H26O2,Ester,Ester,Ester,Ester,辛酸异戊酯。,中 - 增强烟草果香和蜡香
METAB_00325,Phenylethyl butyrate,metabolite,,C12H16O2,Ester,Ester,Ester,Ester,丁酸苯乙酯。,中 - 增强烟草玫瑰花香和果香
METAB_00326,Phenylethyl hexanoate,metabolite,,C14H20O2,Ester,Ester,Ester,Ester,己酸苯乙酯。,中 - 增强烟草玫瑰花香和果香
METAB_00327,Benzyl butyrate,metabolite,,C11H14O2,Ester,Ester,Ester,Ester,丁酸苄酯。,中 - 增强烟草茉莉花香和果香
METAB_00328,Hexyl butyrate,metabolite,,C10H20O2,Ester,Ester,Ester,Ester,丁酸己酯。,中 - 增强烟草果香
METAB_00329,Ethyl 3-phenylpropanoate (Ethyl hydrocinnamate),metabolite,,C11H14O2,Ester,Ester,Ester,Ester,3-苯丙酸乙酯(氢化肉桂酸乙酯)。,中 - 增强烟草甜香和花香
METAB_00330,Methyl jasmonate,metabolite,,C13H20O3,Ester,Ester,Ester,Ester,茉莉酸甲酯，由茉莉酸甲基化生成，具有茉莉花香。,高 - 烟草茉莉花香的贡献者
METAB_00331,Methyl dihydrojasmonate (Hedione),metabolite,,C13H22O3,Ester,Ester,Ester,Ester,二氢茉莉酸甲酯，茉莉酸甲酯的还原产物。,中高 - 增强烟草茉莉花香
METAB_00332,Dimethyl phthalate,metabolite,,C10H10O4,Ester,Ester,Ester,Ester,邻苯二甲酸二甲酯。,低 - 微弱香气
METAB_00333,Diethyl phthalate,metabolite,,C12H14O4,Ester,Ester,Ester,Ester,邻苯二甲酸二乙酯。,低 - 微弱香气
METAB_00334,Ethyl 2-hydroxybenzoate (Ethyl salicylate),metabolite,,C9H10O3,Ester,Ester,Ester,Ester,水杨酸乙酯。,中 - 增强烟草冬青油香
METAB_00335,Benzyl formate,metabolite,,C8H8O2,Ester,Ester,Ester,Ester,甲酸苄酯。,中 - 增强烟草茉莉花香
METAB_00336,Phenylethyl formate,metabolite,,C9H10O2,Ester,Ester,Ester,Ester,甲酸苯乙酯。,中 - 增强烟草玫瑰花香
METAB_00337,Geranyl formate,metabolite,,C11H18O2,Ester,Ester,Ester,Ester,甲酸香叶酯。,中 - 增强烟草玫瑰花香
METAB_00338,Linalyl formate,metabolite,,C11H18O2,Ester,Ester,Ester,Ester,甲酸芳樟酯。,中 - 增强烟草花香
METAB_00339,Ethyl 3-(methylthio)propanoate,metabolite,,C6H12O2S,Ester,Ester,Ester,Ester,3-甲硫基丙酸乙酯，由甲硫醇和丙烯酸乙酯加成生成。,中 - 增强烟草果香和肉香
METAB_00340,S-Methyl thioacetate,metabolite,,C3H6OS,Ester,Ester (Thioester),Ester (Thioester),Ester,硫代乙酸S-甲酯，由甲硫醇和乙酰CoA缩合生成。,中 - 增强烟草硫化物香
METAB_00341,S-Methyl thiobutyrate,metabolite,,C5H10OS,Ester,Ester (Thioester),Ester (Thioester),Ester,硫代丁酸S-甲酯。,中 - 增强烟草硫化物香
METAB_00342,S-Ethyl thioacetate,metabolite,,C4H8OS,Ester,Ester (Thioester),Ester (Thioester),Ester,硫代乙酸S-乙酯。,中 - 增强烟草硫化物香
METAB_00343,Acetic acid,metabolite,C00033,C2H4O2,Acid,Acid (Fatty acid),Acid (Fatty acid),Acid,乙酸，由乙醛氧化或丙酮酸脱羧生成，是烟草酸味和果香的基础成分。,极高 - 烟草酸味和果香的基础成分
METAB_00344,Propanoic acid (Propionic acid),metabolite,,C3H6O2,Acid,Acid (Fatty acid),Acid (Fatty acid),Acid,丙酸，由丙酸菌发酵或苏氨酸代谢生成，具有酸味和奶香。,高 - 烟草酸味和奶香的贡献者
METAB_00345,Butyric acid (Butanoic acid),metabolite,C00246,C4H8O2,Acid,Acid (Fatty acid),Acid (Fatty acid),Acid,丁酸，由丁酰CoA水解或丁醛氧化生成，具有酸味和奶香。,高 - 烟草酸味和奶香的贡献者
METAB_00346,Isobutyric acid (2-Methylpropanoic acid),metabolite,,C4H8O2,Acid,Acid (Fatty acid),Acid (Fatty acid),Acid,异丁酸，由缬氨酸经转氨和脱羧生成，具有酸味和奶香。,高 - 烟草酸味和奶香的贡献者
METAB_00347,Pentanoic acid (Valeric acid),metabolite,,C5H10O2,Acid,Acid (Fatty acid),Acid (Fatty acid),Acid,戊酸，由戊酰CoA水解或赖氨酸代谢生成，具有酸味和汗味。,中高 - 烟草酸味的贡献者
METAB_00348,2-Methylbutyric acid,metabolite,,C5H10O2,Acid,Acid (Fatty acid),Acid (Fatty acid),Acid,2-甲基丁酸，由异亮氨酸经转氨和脱羧生成，具有酸味和果香。,高 - 烟草酸味和果香的贡献者
METAB_00349,3-Methylbutyric acid (Isovaleric acid),metabolite,,C5H10O2,Acid,Acid (Fatty acid),Acid (Fatty acid),Acid,3-甲基丁酸(异戊酸)，由亮氨酸经转氨和脱羧生成，具有酸味和汗味。,高 - 烟草酸味和奶香的贡献者
METAB_00350,Hexanoic acid (Caproic acid),metabolite,,C6H12O2,Acid,Acid (Fatty acid),Acid (Fatty acid),Acid,己酸，由己酰CoA水解或脂肪酸β-氧化生成，具有酸味和蜡香。,高 - 烟草酸味和蜡香的贡献者
METAB_00351,Heptanoic acid (Enanthic acid),metabolite,,C7H14O2,Acid,Acid (Fatty acid),Acid (Fatty acid),Acid,庚酸，由庚酰CoA水解生成。,中 - 烟草酸味的贡献者
METAB_00352,Octanoic acid (Caprylic acid),metabolite,,C8H16O2,Acid,Acid (Fatty acid),Acid (Fatty acid),Acid,辛酸，由辛酰CoA水解或脂肪酸β-氧化生成，具有酸味和蜡香。,高 - 烟草酸味和蜡香的贡献者
METAB_00353,Nonanoic acid (Pelargonic acid),metabolite,,C9H18O2,Acid,Acid (Fatty acid),Acid (Fatty acid),Acid,壬酸，由壬酰CoA水解生成。,中 - 烟草酸味的贡献者
METAB_00354,Decanoic acid (Capric acid),metabolite,,C10H20O2,Acid,Acid (Fatty acid),Acid (Fatty acid),Acid,癸酸，由癸酰CoA水解或脂肪酸β-氧化生成。,高 - 烟草酸味和蜡香的贡献者
METAB_00355,Undecanoic acid,metabolite,,C11H22O2,Acid,Acid (Fatty acid),Acid (Fatty acid),Acid,十一酸。,中 - 烟草酸味的贡献者
METAB_00356,Dodecanoic acid (Lauric acid),metabolite,,C12H24O2,Acid,Acid (Fatty acid),Acid (Fatty acid),Acid,月桂酸。,中 - 烟草蜡香的贡献者
METAB_00357,Tetradecanoic acid (Myristic acid),metabolite,,C14H28O2,Acid,Acid (Fatty acid),Acid (Fatty acid),Acid,肉豆蔻酸。,中 - 烟草蜡香的贡献者
METAB_00358,Hexadecanoic acid (Palmitic acid),metabolite,,C16H32O2,Acid,Acid (Fatty acid),Acid (Fatty acid),Acid,棕榈酸，烟草中含量最高的脂肪酸之一。,高 - 烟草蜡香和烟气醇和度的贡献者
METAB_00359,Octadecanoic acid (Stearic acid),metabolite,,C18H36O2,Acid,Acid (Fatty acid),Acid (Fatty acid),Acid,硬脂酸。,中高 - 烟草蜡香的贡献者
METAB_00360,Oleic acid,metabolite,C00712,C18H34O2,Acid,Acid (Fatty acid),Acid (Fatty acid),Acid,油酸(9-十八碳烯酸)，由硬脂酸脱氢生成。,中高 - 烟草蜡香的贡献者
METAB_00361,Linoleic acid,metabolite,C01595,C18H32O2,Acid,Acid (Fatty acid),Acid (Fatty acid),Acid,"亚油酸(9,12-十八碳二烯酸)，由油酸脱氢生成。",高 - 烟草蜡香和脂肪酸前体
METAB_00362,Linolenic acid (α-Linolenic acid),metabolite,C06427,C18H30O2,Acid,Acid (Fatty acid),Acid (Fatty acid),Acid,"亚麻酸(9,12,15-十八碳三烯酸)，由亚油酸脱氢生成。",中高 - 烟草蜡香和青草香的贡献者
METAB_00363,Benzoic acid,metabolite,,C7H6O2,Acid,Acid (Aromatic acid),Acid (Aromatic acid),Acid,苯甲酸，由苯甲醛氧化或苯丙氨酸代谢生成，具有微弱甜香。,中高 - 烟草甜香的贡献者
METAB_00364,Salicylic acid,metabolite,,C7H6O3,Acid,Acid (Aromatic acid),Acid (Aromatic acid),Acid,水杨酸，由分支酸经异分支酸途径生成，是植物激素和水杨酸甲酯的前体。,高 - 水杨酸甲酯前体
METAB_00365,"Gentisic acid (2,5-Dihydroxybenzoic acid)",metabolite,,C7H6O4,Acid,Acid (Aromatic acid),Acid (Aromatic acid),Acid,"龙胆酸(2,5-二羟基苯甲酸)，由水杨酸羟基化生成。",中 - 代谢中间体
METAB_00366,Gallic acid,metabolite,,C7H6O5,Acid,Acid (Aromatic acid),Acid (Aromatic acid),Acid,"没食子酸(3,4,5-三羟基苯甲酸)，由原儿茶酸羟基化或莽草酸途径生成。",中 - 单宁前体
METAB_00367,Pyruvic acid,metabolite,,C3H4O3,Acid,Acid (Keto acid),Acid (Keto acid),Acid,丙酮酸，糖酵解的终产物，是多种风味化合物的前体。,极高 - 代谢枢纽
METAB_00368,Lactic acid,metabolite,,C3H6O3,Acid,Acid (Hydroxy acid),Acid (Hydroxy acid),Acid,乳酸，由丙酮酸还原生成，是烟草酸味和奶香的重要贡献者。,极高 - 烟草酸味和奶香的核心成分
METAB_00369,3-Hydroxybutyric acid,metabolite,,C4H8O3,Acid,Acid (Hydroxy acid),Acid (Hydroxy acid),Acid,3-羟基丁酸，由乙酰乙酰CoA还原生成。,中 - 代谢中间体
METAB_00370,Succinic acid,metabolite,C00042,C4H6O4,Acid,Acid (Dicarboxylic acid),Acid (Dicarboxylic acid),Acid,琥珀酸，TCA循环中间体，具有酸味和鲜味。,高 - 代谢中间体和酸味贡献者
METAB_00371,Fumaric acid,metabolite,C00122,C4H4O4,Acid,Acid (Dicarboxylic acid),Acid (Dicarboxylic acid),Acid,富马酸，TCA循环中间体。,中高 - 代谢中间体
METAB_00372,Malic acid,metabolite,C00149,C4H6O5,Acid,Acid (Hydroxy dicarboxylic acid),Acid (Hydroxy dicarboxylic acid),Acid,苹果酸，TCA循环中间体，具有酸味和果香。,高 - 烟草酸味和果香的贡献者
METAB_00373,Citric acid,metabolite,C00158,C6H8O7,Acid,Acid (Hydroxy tricarboxylic acid),Acid (Hydroxy tricarboxylic acid),Acid,柠檬酸，TCA循环起始化合物，具有酸味和果香。,高 - 烟草酸味和果香的贡献者
METAB_00374,Isocitric acid,metabolite,,C6H8O7,Acid,Acid (Hydroxy tricarboxylic acid),Acid (Hydroxy tricarboxylic acid),Acid,异柠檬酸，TCA循环中间体。,中 - 代谢中间体
METAB_00375,α-Ketoglutaric acid,metabolite,,C5H6O5,Acid,Acid (Keto acid),Acid (Keto acid),Acid,α-酮戊二酸，TCA循环中间体，是氨基酸合成的前体。,高 - 代谢枢纽
METAB_00376,Oxaloacetic acid,metabolite,,C4H4O5,Acid,Acid (Keto dicarboxylic acid),Acid (Keto dicarboxylic acid),Acid,草酰乙酸，TCA循环中间体。,中 - 代谢中间体
METAB_00377,Shikimic acid,metabolite,C00493,C7H10O5,Acid,Acid (Hydroxy cyclohexane carboxylic acid),Acid (Hydroxy cyclohexane carboxylic acid),Acid,莽草酸，莽草酸途径的中间体，是芳香族氨基酸和酚类化合物的前体。,高 - 芳香族化合物前体
METAB_00378,Quinic acid,metabolite,C00244,C7H12O6,Acid,Acid (Hydroxy cyclohexane carboxylic acid),Acid (Hydroxy cyclohexane carboxylic acid),Acid,奎宁酸，由莽草酸还原生成，是绿原酸的前体。,中高 - 绿原酸前体
METAB_00379,Chlorogenic acid (5-Caffeoylquinic acid),metabolite,C00352,C16H18O9,Acid,Acid (Phenolic acid ester),Acid (Phenolic acid ester),Acid,绿原酸，由咖啡酸和奎宁酸酯化生成，是烟草中重要的酚酸。,高 - 烟草酚酸和抗氧化成分
METAB_00380,Neochlorogenic acid (3-Caffeoylquinic acid),metabolite,,C16H18O9,Acid,Acid (Phenolic acid ester),Acid (Phenolic acid ester),Acid,新绿原酸，绿原酸的异构体。,中 - 酚酸
METAB_00381,Cryptochlorogenic acid (4-Caffeoylquinic acid),metabolite,,C16H18O9,Acid,Acid (Phenolic acid ester),Acid (Phenolic acid ester),Acid,隐绿原酸，绿原酸的异构体。,中 - 酚酸
METAB_00382,Feruloylquinic acid,metabolite,,C17H20O9,Acid,Acid (Phenolic acid ester),Acid (Phenolic acid ester),Acid,阿魏酰奎宁酸，由阿魏酰CoA和奎宁酸酯化生成。,中 - 酚酸
METAB_00383,p-Coumaroylquinic acid,metabolite,,C16H18O8,Acid,Acid (Phenolic acid ester),Acid (Phenolic acid ester),Acid,对香豆酰奎宁酸。,中 - 酚酸
METAB_00384,"Nicotinic acid (Niacin, Vitamin B3)",metabolite,,C6H5NO2,Acid,Acid (Heterocyclic acid),Acid (Heterocyclic acid),Acid,烟酸(维生素B3)，由喹啉酸经喹啉酸磷酸核糖转移酶途径生成，是烟草特有成分。,高 - 烟草特有成分和辅酶前体
METAB_00385,Methanol,metabolite,C00132,CH4O,Alcohol,Alcohol,Alcohol,Alcohol,甲醇，由果胶甲酯酶水解果胶或木质素降解生成。,中 - 溶剂和代谢中间体
METAB_00386,Ethanol,metabolite,C00463,C2H6O,Alcohol,Alcohol,Alcohol,Alcohol,乙醇，由丙酮酸脱羧和还原生成，是发酵的核心产物。,极高 - 发酵核心产物和溶剂
METAB_00387,1-Propanol,metabolite,,C3H8O,Alcohol,Alcohol,Alcohol,Alcohol,1-丙醇，由丙酰CoA还原或苏氨酸代谢生成。,中 - 增强烟草酒精香
METAB_00388,2-Propanol (Isopropanol),metabolite,,C3H8O,Alcohol,Alcohol,Alcohol,Alcohol,2-丙醇(异丙醇)，由丙酮还原生成。,中 - 增强烟草酒精香
METAB_00389,1-Butanol,metabolite,,C4H10O,Alcohol,Alcohol,Alcohol,Alcohol,1-丁醇，由丁酰CoA还原或丁醛还原生成。,中高 - 增强烟草酒精香和果香
METAB_00390,2-Butanol,metabolite,,C4H10O,Alcohol,Alcohol,Alcohol,Alcohol,2-丁醇，由2-丁酮还原生成。,中 - 增强烟草酒精香
METAB_00391,Isobutanol (2-Methyl-1-propanol),metabolite,,C4H10O,Alcohol,Alcohol,Alcohol,Alcohol,异丁醇(2-甲基-1-丙醇)，由缬氨酸经转氨和脱羧生成。,高 - 烟草杂醇油和果香的贡献者
METAB_00392,1-Pentanol,metabolite,,C5H12O,Alcohol,Alcohol,Alcohol,Alcohol,1-戊醇，由戊酰CoA还原生成。,中 - 增强烟草酒精香
METAB_00393,2-Pentanol,metabolite,,C5H12O,Alcohol,Alcohol,Alcohol,Alcohol,2-戊醇，由2-戊酮还原生成。,中 - 增强烟草酒精香
METAB_00394,3-Methyl-1-butanol (Isoamyl alcohol),metabolite,,C5H12O,Alcohol,Alcohol,Alcohol,Alcohol,3-甲基-1-丁醇(异戊醇)，由亮氨酸经转氨和脱羧生成，是烟草杂醇油的主要成分。,极高 - 烟草杂醇油和果香的核心成分
METAB_00395,2-Methyl-1-butanol (Active amyl alcohol),metabolite,,C5H12O,Alcohol,Alcohol,Alcohol,Alcohol,2-甲基-1-丁醇(活性戊醇)，由异亮氨酸经转氨和脱羧生成。,高 - 烟草杂醇油的贡献者
METAB_00396,3-Methyl-2-butanol,metabolite,,C5H12O,Alcohol,Alcohol,Alcohol,Alcohol,3-甲基-2-丁醇。,中 - 增强烟草酒精香
METAB_00397,1-Hexanol,metabolite,,C6H14O,Alcohol,Alcohol,Alcohol,Alcohol,1-己醇，由己酰CoA还原或亚油酸氧化生成，具有青草香和果香。,高 - 烟草青草香和果香的贡献者
METAB_00398,(E)-2-Hexen-1-ol,metabolite,,C6H12O,Alcohol,Alcohol,Alcohol,Alcohol,(E)-2-己烯-1-醇，由(E)-2-己烯醛还原生成，具有青草香。,中高 - 烟草青草香的贡献者
METAB_00399,(Z)-3-Hexen-1-ol (Leaf alcohol),metabolite,,C6H12O,Alcohol,Alcohol,Alcohol,Alcohol,(Z)-3-己烯-1-醇(叶醇)，由(Z)-3-己烯醛还原生成，具有新鲜青草香。,高 - 烟草青草香的核心成分
METAB_00400,1-Heptanol,metabolite,,C7H16O,Alcohol,Alcohol,Alcohol,Alcohol,1-庚醇，由庚酰CoA还原生成。,中 - 增强烟草果香和蜡香
METAB_00401,1-Octen-3-ol,metabolite,,C8H16O,Alcohol,Alcohol,Alcohol,Alcohol,1-辛烯-3-醇(蘑菇醇)，由亚油酸经脂氧合酶途径生成，具有蘑菇香。,高 - 烟草蘑菇香的核心成分
METAB_00402,1-Octanol,metabolite,,C8H18O,Alcohol,Alcohol,Alcohol,Alcohol,1-辛醇，由辛酰CoA还原或辛醛还原生成。,中高 - 增强烟草蜡香和果香
METAB_00403,1-Nonanol,metabolite,,C9H20O,Alcohol,Alcohol,Alcohol,Alcohol,1-壬醇，由壬酰CoA还原生成。,中 - 增强烟草蜡香和果香
METAB_00404,1-Decanol,metabolite,,C10H22O,Alcohol,Alcohol,Alcohol,Alcohol,1-癸醇，由癸酰CoA还原生成。,中 - 增强烟草蜡香
METAB_00405,1-Dodecanol (Lauryl alcohol),metabolite,,C12H26O,Alcohol,Alcohol,Alcohol,Alcohol,1-十二醇(月桂醇)。,中 - 增强烟草蜡香
METAB_00406,1-Tetradecanol (Myristyl alcohol),metabolite,,C14H30O,Alcohol,Alcohol,Alcohol,Alcohol,1-十四醇(肉豆蔻醇)。,中 - 增强烟草蜡香
METAB_00407,1-Hexadecanol (Cetyl alcohol),metabolite,,C16H34O,Alcohol,Alcohol,Alcohol,Alcohol,1-十六醇(鲸蜡醇)。,中 - 增强烟草蜡香
METAB_00408,"2,3-Butanediol",metabolite,,C4H10O2,Alcohol,Alcohol (Diol),Alcohol (Diol),Alcohol,"2,3-丁二醇，由乙偶姻还原生成，具有甜香和果香。",高 - 烟草甜香和果香的贡献者
METAB_00409,"1,3-Butanediol",metabolite,,C4H10O2,Alcohol,Alcohol (Diol),Alcohol (Diol),Alcohol,"1,3-丁二醇。",中 - 增强烟草甜香
METAB_00410,"1,2-Propanediol (Propylene glycol)",metabolite,,C3H8O2,Alcohol,Alcohol (Diol),Alcohol (Diol),Alcohol,"1,2-丙二醇(丙二醇)。",中 - 溶剂和保湿剂
METAB_00411,"1,3-Propanediol",metabolite,,C3H8O2,Alcohol,Alcohol (Diol),Alcohol (Diol),Alcohol,"1,3-丙二醇。",中 - 增强烟草甜香
METAB_00412,Glycerol,metabolite,C00116,C3H8O3,Alcohol,Alcohol (Polyol),Alcohol (Polyol),Alcohol,甘油(丙三醇)，由甘油醛-3-磷酸还原或脂肪水解生成，是烟草甜香和保湿的重要成分。,极高 - 烟草甜香和保湿的核心成分
METAB_00413,Erythritol,metabolite,,C4H10O4,Alcohol,Alcohol (Polyol),Alcohol (Polyol),Alcohol,赤藓糖醇，由赤藓糖还原生成。,中 - 增强烟草甜香
METAB_00414,Mannitol,metabolite,C00392,C6H14O6,Alcohol,Alcohol (Polyol),Alcohol (Polyol),Alcohol,甘露醇，由果糖还原生成，是烟草甜香的贡献者。,高 - 烟草甜香的贡献者
METAB_00415,Sorbitol,metabolite,C00794,C6H14O6,Alcohol,Alcohol (Polyol),Alcohol (Polyol),Alcohol,山梨醇，由葡萄糖还原生成。,中高 - 增强烟草甜香
METAB_00416,Inositol (myo-Inositol),metabolite,,C6H12O6,Alcohol,Alcohol (Cyclitol),Alcohol (Cyclitol),Alcohol,肌醇(肌糖)，由葡萄糖-6-磷酸环化生成。,中高 - 烟草甜香的贡献者
METAB_00417,2-Phenylethanol,metabolite,C02466,C8H10O,Alcohol,Alcohol (Aromatic alcohol),Alcohol (Aromatic alcohol),Alcohol,苯乙醇，由苯丙氨酸经Ehrlich途径生成，是烟草玫瑰花香的核心成分。,极高 - 烟草玫瑰花香的核心成分
METAB_00418,Tyrosol (4-Hydroxyphenylethanol),metabolite,,C8H10O2,Alcohol,Alcohol (Aromatic alcohol),Alcohol (Aromatic alcohol),Alcohol,酪醇(4-羟基苯乙醇)，由酪氨酸经Ehrlich途径生成。,中高 - 烟草微弱花香的贡献者
METAB_00419,Tryptophol (Indole-3-ethanol),metabolite,,C10H11NO,Alcohol,Alcohol (Aromatic alcohol),Alcohol (Aromatic alcohol),Alcohol,色醇(吲哚-3-乙醇)，由色氨酸经Ehrlich途径生成。,中 - 增强烟草花香
METAB_00420,Acetaldehyde,metabolite,C00084,C2H4O,Aldehyde,Aldehyde,Aldehyde,Aldehyde,乙醛，由丙酮酸脱羧生成，是烟草果香和青香的重要贡献者。,极高 - 烟草果香和青香的核心成分
METAB_00421,Propanal (Propionaldehyde),metabolite,,C3H6O,Aldehyde,Aldehyde,Aldehyde,Aldehyde,丙醛，由丙酮酸还原或苏氨酸代谢生成。,中 - 增强烟草青香和果香
METAB_00422,Butanal (Butyraldehyde),metabolite,,C4H8O,Aldehyde,Aldehyde,Aldehyde,Aldehyde,丁醛，由丁酰CoA还原生成。,中 - 增强烟草青香和果香
METAB_00423,Isobutyraldehyde (2-Methylpropanal),metabolite,,C4H8O,Aldehyde,Aldehyde,Aldehyde,Aldehyde,异丁醛(2-甲基丙醛)，由缬氨酸经转氨和脱羧生成。,高 - 烟草麦芽香和果香的贡献者
METAB_00424,3-Methylbutanal (Isovaleraldehyde),metabolite,,C5H10O,Aldehyde,Aldehyde,Aldehyde,Aldehyde,3-甲基丁醛(异戊醛)，由亮氨酸经转氨和脱羧生成。,极高 - 烟草麦芽香和巧克力香的核心成分
METAB_00425,Pentanal (Valeraldehyde),metabolite,,C5H10O,Aldehyde,Aldehyde,Aldehyde,Aldehyde,戊醛，由戊酰CoA还原或亚油酸氧化生成。,中 - 增强烟草青香和果香
METAB_00426,Hexanal,metabolite,,C6H12O,Aldehyde,Aldehyde,Aldehyde,Aldehyde,己醛，由亚油酸经脂氧合酶途径生成，是烟草青草香的核心成分。,极高 - 烟草青草香的核心成分
METAB_00427,(E)-2-Hexenal (Leaf aldehyde),metabolite,,C6H10O,Aldehyde,Aldehyde,Aldehyde,Aldehyde,(E)-2-己烯醛(叶醛)，由亚麻酸经脂氧合酶途径生成，具有青草香。,高 - 烟草青草香的贡献者
METAB_00428,(Z)-3-Hexenal,metabolite,,C6H10O,Aldehyde,Aldehyde,Aldehyde,Aldehyde,(Z)-3-己烯醛，由亚麻酸经脂氧合酶途径生成，具有新鲜青草香。,高 - 烟草新鲜青草香的核心成分
METAB_00429,Heptanal,metabolite,,C7H14O,Aldehyde,Aldehyde,Aldehyde,Aldehyde,庚醛，由庚酰CoA还原或亚油酸氧化生成。,中 - 增强烟草青香和果香
METAB_00430,(E)-2-Heptenal,metabolite,,C7H12O,Aldehyde,Aldehyde,Aldehyde,Aldehyde,(E)-2-庚烯醛，由亚油酸氧化生成。,中 - 增强烟草青香和脂肪香
METAB_00431,Octanal,metabolite,,C8H16O,Aldehyde,Aldehyde,Aldehyde,Aldehyde,辛醛，由辛酰CoA还原或亚油酸氧化生成，具有果香和蜡香。,中高 - 烟草果香和蜡香的贡献者
METAB_00432,(E)-2-Octenal,metabolite,,C8H14O,Aldehyde,Aldehyde,Aldehyde,Aldehyde,(E)-2-辛烯醛，由亚油酸氧化生成。,中 - 增强烟草脂肪香和果香
METAB_00433,Nonanal,metabolite,,C9H18O,Aldehyde,Aldehyde,Aldehyde,Aldehyde,壬醛，由油酸氧化或壬酰CoA还原生成，具有蜡香和柑橘香。,高 - 烟草蜡香和柑橘香的贡献者
METAB_00434,(E)-2-Nonenal,metabolite,,C9H16O,Aldehyde,Aldehyde,Aldehyde,Aldehyde,(E)-2-壬烯醛，由亚油酸氧化生成，具有黄瓜香。,高 - 香气阈值极低，烟草黄瓜香的贡献者
METAB_00435,Decanal,metabolite,,C10H20O,Aldehyde,Aldehyde,Aldehyde,Aldehyde,癸醛，由油酸氧化或癸酰CoA还原生成，具有蜡香和柑橘香。,中高 - 烟草蜡香和柑橘香的贡献者
METAB_00436,(E)-2-Decenal,metabolite,,C10H18O,Aldehyde,Aldehyde,Aldehyde,Aldehyde,(E)-2-癸烯醛，由亚油酸氧化生成。,中 - 增强烟草脂肪香和蜡香
METAB_00437,"(E,E)-2,4-Decadienal",metabolite,,C10H16O,Aldehyde,Aldehyde,Aldehyde,Aldehyde,"(E,E)-2,4-癸二烯醛，由亚油酸氧化生成，具有油炸食品香。",高 - 香气阈值低，烟草油炸香的贡献者
METAB_00438,"(E,E)-2,4-Heptadienal",metabolite,,C7H10O,Aldehyde,Aldehyde,Aldehyde,Aldehyde,"(E,E)-2,4-庚二烯醛，由亚麻酸氧化生成。",中 - 增强烟草脂肪香和青香
METAB_00439,"(E,E)-2,4-Nonadienal",metabolite,,C9H14O,Aldehyde,Aldehyde,Aldehyde,Aldehyde,"(E,E)-2,4-壬二烯醛，由亚油酸氧化生成。",中高 - 增强烟草脂肪香和油炸香
METAB_00440,Formaldehyde,metabolite,C00067,CH2O,Aldehyde,Aldehyde,Aldehyde,Aldehyde,甲醛，由甲醇氧化或甲胺代谢生成。,低 - 刺激性气味
METAB_00441,Acetone,metabolite,C00207,C3H6O,Ketone,Ketone,Ketone,Ketone,丙酮，由乙酰乙酸脱羧或异丙醇氧化生成。,中 - 溶剂和代谢中间体
METAB_00442,2-Butanone (Methyl ethyl ketone),metabolite,,C4H8O,Ketone,Ketone,Ketone,Ketone,2-丁酮(甲乙酮)，由2-丁醇氧化或丁酰CoA降解生成。,中高 - 增强烟草果香和甜香
METAB_00443,2-Pentanone,metabolite,,C5H10O,Ketone,Ketone,Ketone,Ketone,2-戊酮，由2-戊醇氧化或戊酰CoA降解生成。,中 - 增强烟草果香和甜香
METAB_00444,2-Heptanone,metabolite,,C7H14O,Ketone,Ketone,Ketone,Ketone,2-庚酮，由2-庚醇氧化或庚酰CoA降解生成，具有果香和蜡香。,中高 - 烟草果香和蜡香的贡献者
METAB_00445,2-Octanone,metabolite,,C8H16O,Ketone,Ketone,Ketone,Ketone,2-辛酮，由2-辛醇氧化或辛酰CoA降解生成。,中高 - 增强烟草果香和蜡香
METAB_00446,2-Nonanone,metabolite,,C9H18O,Ketone,Ketone,Ketone,Ketone,2-壬酮，由2-壬醇氧化或壬酰CoA降解生成，具有果香和蜡香。,中高 - 烟草果香和蜡香的贡献者
METAB_00447,2-Decanone,metabolite,,C10H20O,Ketone,Ketone,Ketone,Ketone,2-癸酮，由2-癸醇氧化或癸酰CoA降解生成。,中 - 增强烟草蜡香和果香
METAB_00448,2-Undecanone,metabolite,,C11H22O,Ketone,Ketone,Ketone,Ketone,2-十一酮，由2-十一醇氧化或十一酰CoA降解生成。,中 - 增强烟草蜡香和果香
METAB_00449,2-Dodecanone,metabolite,,C12H24O,Ketone,Ketone,Ketone,Ketone,2-十二酮。,中 - 增强烟草蜡香
METAB_00450,3-Pentanone (Diethyl ketone),metabolite,,C5H10O,Ketone,Ketone,Ketone,Ketone,3-戊酮(二乙酮)。,中 - 增强烟草果香和甜香
METAB_00451,3-Octanone,metabolite,,C8H16O,Ketone,Ketone,Ketone,Ketone,3-辛酮，由亚油酸氧化或3-辛醇氧化生成。,中 - 增强烟草蘑菇香和蜡香
METAB_00452,"Diacetyl (2,3-Butanedione)",metabolite,C00393,C4H6O2,Ketone,Ketone (Diketone),Ketone (Diketone),Ketone,"双乙酰(2,3-丁二酮)，由α-乙酰乳酸脱羧生成，具有黄油香。",极高 - 烟草黄油香和奶香的核心成分
METAB_00453,Acetoin (3-Hydroxy-2-butanone),metabolite,C00466,C4H8O2,Ketone,Ketone (Hydroxy ketone),Ketone (Hydroxy ketone),Ketone,乙偶姻(3-羟基-2-丁酮)，由α-乙酰乳酸脱羧或双乙酰还原生成，具有黄油香。,极高 - 烟草黄油香和奶香的核心成分
METAB_00454,3-Hydroxy-2-pentanone,metabolite,,C5H10O2,Ketone,Ketone (Hydroxy ketone),Ketone (Hydroxy ketone),Ketone,3-羟基-2-戊酮。,中 - 增强烟草果香和奶香
METAB_00455,4-Hydroxy-2-butanone,metabolite,,C4H8O2,Ketone,Ketone (Hydroxy ketone),Ketone (Hydroxy ketone),Ketone,4-羟基-2-丁酮。,中 - 增强烟草甜香和果香
METAB_00456,1-Hydroxy-2-propanone (Hydroxyacetone),metabolite,,C3H6O2,Ketone,Ketone (Hydroxy ketone),Ketone (Hydroxy ketone),Ketone,1-羟基-2-丙酮(羟基丙酮)。,中 - 增强烟草甜香和果香
METAB_00457,Methylglyoxal (Pyruvaldehyde),metabolite,,C3H4O2,Ketone,Ketone (Aldehyde-ketone),Ketone (Aldehyde-ketone),Ketone,甲基乙二醛(丙酮醛)，由甘油醛-3-磷酸或二羟基丙酮磷酸降解生成。,中 - 代谢中间体和美拉德反应前体
METAB_00458,Glyoxal,metabolite,,C2H2O2,Ketone,Ketone (Dialdehyde),Ketone (Dialdehyde),Ketone,乙二醛，由乙醛氧化或美拉德反应生成。,中 - 美拉德反应前体
METAB_00459,2-Cyclopenten-1-one,metabolite,,C5H6O,Ketone,Ketone (Cyclopentenone),Ketone (Cyclopentenone),Ketone,2-环戊烯-1-酮，由糖类热降解生成。,中 - 增强烟草焦糖香
METAB_00460,"2,5-Dimethyl-4-hydroxy-3(2H)-furanone (HDMF)",metabolite,,C6H8O3,Ketone,Ketone (Furanone),Ketone (Furanone),Ketone,"4-羟基-2,5-二甲基-3(2H)-呋喃酮(呋喃酮)，由6-脱氧糖或鼠李糖代谢生成，具有草莓样甜香和焦糖香。",极高 - 烟草甜香和焦糖香的核心成分
METAB_00461,p-Anisaldehyde (4-Methoxybenzaldehyde),metabolite,,C8H8O2,Aldehyde,Aldehyde (Aromatic aldehyde),Aldehyde (Aromatic aldehyde),Aldehyde,对甲氧基苯甲醛(茴香醛)，由对羟基苯甲醛甲基化生成。,中 - 增强烟草甜香和花香
METAB_00462,p-Tolualdehyde (4-Methylbenzaldehyde),metabolite,,C8H8O,Aldehyde,Aldehyde (Aromatic aldehyde),Aldehyde (Aromatic aldehyde),Aldehyde,对甲苯甲醛。,中 - 增强烟草杏仁香
METAB_00463,2-Phenyl-2-butenal,metabolite,,C10H10O,Aldehyde,Aldehyde (Aromatic aldehyde),Aldehyde (Aromatic aldehyde),Aldehyde,2-苯基-2-丁烯醛，由苯乙醛和乙醛缩合生成。,中 - 增强烟草花香和果香
METAB_00464,5-Hydroxymethylfurfural (HMF),metabolite,,C6H6O3,Aldehyde,Aldehyde (Furan aldehyde),Aldehyde (Furan aldehyde),Aldehyde,5-羟甲基糠醛，由己糖(如果糖、葡萄糖)脱水生成。,高 - 烟草烘烤香和焦糖香的贡献者
METAB_00465,2-Furaldehyde (Furfural isomer),metabolite,,C5H4O2,Aldehyde,Aldehyde (Furan aldehyde),Aldehyde (Furan aldehyde),Aldehyde,2-糠醛(糠醛异构体)。,高 - 烟草烘烤香的贡献者
METAB_00466,3-Furaldehyde,metabolite,,C5H4O2,Aldehyde,Aldehyde (Furan aldehyde),Aldehyde (Furan aldehyde),Aldehyde,3-糠醛。,中 - 增强烟草烘烤香
METAB_00467,Hydrogen sulfide (H2S),metabolite,C00283,H2S,Sulfur compound,Sulfur compound,Sulfur compound,Sulfur compound,硫化氢，由含硫氨基酸(半胱氨酸、蛋氨酸)降解或硫酸盐还原生成，具有臭鸡蛋味。,中 - 低浓度增强烤香，高浓度产生异味
METAB_00468,Methanethiol (Methyl mercaptan),metabolite,,CH4S,Sulfur compound,Sulfur compound,Sulfur compound,Sulfur compound,甲硫醇，由蛋氨酸经蛋氨酸γ-裂解酶催化生成，具有煮卷心菜香和腐臭味。,高 - 香气阈值极低，烟草煮卷心菜香的贡献者
METAB_00469,Ethanethiol (Ethyl mercaptan),metabolite,,C2H6S,Sulfur compound,Sulfur compound,Sulfur compound,Sulfur compound,乙硫醇，由半胱氨酸或蛋氨酸代谢生成。,中 - 香气阈值极低
METAB_00470,Propanethiol,metabolite,,C3H8S,Sulfur compound,Sulfur compound,Sulfur compound,Sulfur compound,丙硫醇。,中 - 香气阈值低
METAB_00471,Dimethyl sulfide (DMS),metabolite,C00580,C2H6S,Sulfur compound,Sulfur compound,Sulfur compound,Sulfur compound,二甲基硫醚，由甲硫醇甲基化或S-甲基蛋氨酸降解生成，具有海鲜香和青草香。,高 - 烟草海鲜香和青草香的贡献者
METAB_00472,Dimethyl disulfide (DMDS),metabolite,,C2H6S2,Sulfur compound,Sulfur compound,Sulfur compound,Sulfur compound,二甲基二硫醚，由甲硫醇氧化缩合生成，具有洋葱香和大蒜香。,高 - 香气阈值低，烟草洋葱香的贡献者
METAB_00473,Dimethyl trisulfide (DMTS),metabolite,,C2H6S3,Sulfur compound,Sulfur compound,Sulfur compound,Sulfur compound,二甲基三硫醚，由甲硫醇和DMDS反应生成，具有海鲜香和腐臭味。,高 - 香气阈值极低，烟草海鲜香的贡献者
METAB_00474,Dimethyl tetrasulfide,metabolite,,C2H6S4,Sulfur compound,Sulfur compound,Sulfur compound,Sulfur compound,二甲基四硫醚。,中 - 香气阈值极低
METAB_00475,Diethyl sulfide,metabolite,,C4H10S,Sulfur compound,Sulfur compound,Sulfur compound,Sulfur compound,二乙硫醚。,中 - 增强烟草洋葱香
METAB_00476,Diethyl disulfide,metabolite,,C4H10S2,Sulfur compound,Sulfur compound,Sulfur compound,Sulfur compound,二乙基二硫醚。,中 - 增强烟草洋葱香
METAB_00477,3-(Methylthio)propanoic acid,metabolite,,C4H8O2S,Sulfur compound,Sulfur compound (Acid),Sulfur compound (Acid),Sulfur compound,3-甲硫基丙酸，甲硫醇的氧化产物。,中 - 代谢中间体
METAB_00478,S-Methyl methionine (Vitamin U),metabolite,,C6H13NO2S,Sulfur compound,Sulfur compound (Amino acid derivative),Sulfur compound (Amino acid derivative),Sulfur compound,S-甲基蛋氨酸(维生素U)，由蛋氨酸甲基化生成，是DMS的前体。,中高 - DMS前体
METAB_00479,2-Furfurylthiol (2-Furanmethanethiol),metabolite,,C5H6OS,Sulfur compound,Sulfur compound (Furan thiol),Sulfur compound (Furan thiol),Sulfur compound,糠硫醇，由半胱氨酸-糠醛加合物降解或微生物转化生成，具有极强的咖啡香和烤香。,极高 - 香气阈值极低，烟草咖啡香和烤香的特征成分
METAB_00480,2-Thiophenethiol,metabolite,,C4H4S2,Sulfur compound,Sulfur compound (Thiophene thiol),Sulfur compound (Thiophene thiol),Sulfur compound,2-噻吩硫醇，由半胱氨酸-噻吩加合物降解生成。,高 - 香气阈值极低
METAB_00481,3-Mercaptohexan-1-ol (3MH),metabolite,,C6H14OS,Sulfur compound,Sulfur compound (Thiol alcohol),Sulfur compound (Thiol alcohol),Sulfur compound,3-巯基己醇，由半胱氨酸-己醛加合物降解生成，具有葡萄柚香和热带水果香。,极高 - 香气阈值极低，烟草热带水果香的贡献者
METAB_00482,3-Mercaptohexyl acetate (3MHA),metabolite,,C8H16O2S,Sulfur compound,Sulfur compound (Thiol ester),Sulfur compound (Thiol ester),Sulfur compound,3-巯基己醇乙酸酯，由3-巯基己醇和乙酰CoA酯化生成。,极高 - 香气阈值极低，烟草热带水果香的贡献者
METAB_00483,4-Mercapto-4-methylpentan-2-one (4MMP),metabolite,,C6H12OS,Sulfur compound,Sulfur compound (Thiol ketone),Sulfur compound (Thiol ketone),Sulfur compound,4-巯基-4-甲基-2-戊酮，由半胱氨酸-4-甲基-2-戊酮加合物降解生成，具有黑加仑香。,极高 - 香气阈值极低(0.0001 ng/L)，烟草黑加仑香的贡献者
METAB_00484,Benzyl mercaptan,metabolite,,C7H8S,Sulfur compound,Sulfur compound (Aromatic thiol),Sulfur compound (Aromatic thiol),Sulfur compound,苄硫醇，由半胱氨酸-苯甲醛加合物降解生成。,高 - 香气阈值极低
METAB_00485,Phenylmethanethiol (Benzyl mercaptan isomer),metabolite,,C7H8S,Sulfur compound,Sulfur compound (Aromatic thiol),Sulfur compound (Aromatic thiol),Sulfur compound,苯甲硫醇(苄硫醇异构体)。,高 - 香气阈值极低
METAB_00486,2-Phenylethanethiol,metabolite,,C8H10S,Sulfur compound,Sulfur compound (Aromatic thiol),Sulfur compound (Aromatic thiol),Sulfur compound,2-苯乙硫醇，由半胱氨酸-苯乙醛加合物降解生成。,极高 - 香气阈值极低
METAB_00487,S-Methyl 2-methylbutanethioate,metabolite,,C6H12OS,Sulfur compound,Sulfur compound (Thioester),Sulfur compound (Thioester),Sulfur compound,硫代2-甲基丁酸S-甲酯。,中 - 增强烟草硫化物香
METAB_00488,S-Methyl 3-methylbutanethioate,metabolite,,C6H12OS,Sulfur compound,Sulfur compound (Thioester),Sulfur compound (Thioester),Sulfur compound,硫代3-甲基丁酸S-甲酯(异戊酸硫代甲酯)。,中 - 增强烟草硫化物香
METAB_00489,Thiophene,metabolite,,C4H4S,Sulfur compound,Sulfur compound (Heterocyclic),Sulfur compound (Heterocyclic),Sulfur compound,噻吩，由半胱氨酸或蛋氨酸热降解生成，具有烟熏香和辛香。,中 - 烟草烟熏香的贡献者
METAB_00490,2-Methylthiophene,metabolite,,C5H6S,Sulfur compound,Sulfur compound (Heterocyclic),Sulfur compound (Heterocyclic),Sulfur compound,2-甲基噻吩。,中 - 增强烟草烟熏香
METAB_00491,3-Methylthiophene,metabolite,,C5H6S,Sulfur compound,Sulfur compound (Heterocyclic),Sulfur compound (Heterocyclic),Sulfur compound,3-甲基噻吩。,中 - 增强烟草烟熏香
METAB_00492,"2,5-Dimethylthiophene",metabolite,,C6H8S,Sulfur compound,Sulfur compound (Heterocyclic),Sulfur compound (Heterocyclic),Sulfur compound,"2,5-二甲基噻吩。",中 - 增强烟草烟熏香
METAB_00493,2-Acetylthiophene,metabolite,,C6H6OS,Sulfur compound,Sulfur compound (Heterocyclic),Sulfur compound (Heterocyclic),Sulfur compound,2-乙酰噻吩，由半胱氨酸和糖的美拉德反应生成。,中高 - 增强烟草坚果香和烤香
METAB_00494,3-Acetylthiophene,metabolite,,C6H6OS,Sulfur compound,Sulfur compound (Heterocyclic),Sulfur compound (Heterocyclic),Sulfur compound,3-乙酰噻吩。,中 - 增强烟草坚果香和烤香
METAB_00495,Thiazole,metabolite,,C3H3NS,Sulfur compound,Sulfur compound (Heterocyclic),Sulfur compound (Heterocyclic),Sulfur compound,噻唑，由半胱氨酸和糖的美拉德反应生成，具有坚果香和烤香。,中高 - 烟草坚果香和烤香的贡献者
METAB_00496,2-Methylthiazole,metabolite,,C4H5NS,Sulfur compound,Sulfur compound (Heterocyclic),Sulfur compound (Heterocyclic),Sulfur compound,2-甲基噻唑。,中 - 增强烟草坚果香和烤香
METAB_00497,4-Methylthiazole,metabolite,,C4H5NS,Sulfur compound,Sulfur compound (Heterocyclic),Sulfur compound (Heterocyclic),Sulfur compound,4-甲基噻唑。,中 - 增强烟草坚果香和烤香
METAB_00498,"2,4-Dimethylthiazole",metabolite,,C5H7NS,Sulfur compound,Sulfur compound (Heterocyclic),Sulfur compound (Heterocyclic),Sulfur compound,"2,4-二甲基噻唑。",中 - 增强烟草坚果香和烤香
METAB_00499,"2,5-Dimethylthiazole",metabolite,,C5H7NS,Sulfur compound,Sulfur compound (Heterocyclic),Sulfur compound (Heterocyclic),Sulfur compound,"2,5-二甲基噻唑。",中 - 增强烟草坚果香和烤香
METAB_00500,2-Isobutylthiazole,metabolite,,C7H11NS,Sulfur compound,Sulfur compound (Heterocyclic),Sulfur compound (Heterocyclic),Sulfur compound,2-异丁基噻唑，由亮氨酸和半胱氨酸的美拉德反应生成，具有番茄叶香。,高 - 香气阈值低，烟草番茄叶香的贡献者
METAB_00501,Benzothiazole,metabolite,,C7H5NS,Sulfur compound,Sulfur compound (Heterocyclic),Sulfur compound (Heterocyclic),Sulfur compound,苯并噻唑，由苯丙氨酸和半胱氨酸的美拉德反应生成。,中高 - 增强烟草烟熏香和橡胶香
METAB_00502,3-Methyl-2-thiolanyl acetate,metabolite,,C7H12O2S,Sulfur compound,Sulfur compound (Thioester),Sulfur compound (Thioester),Sulfur compound,3-甲基-2-硫杂环戊基乙酸酯。,中 - 增强烟草烤香
METAB_00503,Pyridine,metabolite,,C5H5N,Nitrogen compound,Nitrogen compound (Pyridine),Nitrogen compound (Pyridine),Nitrogen compound,吡啶，由氨基酸(如赖氨酸、谷氨酸)热降解或微生物代谢生成，具有烟熏香和辛香。,高 - 烟草烟熏香和辛香的贡献者
METAB_00504,2-Methylpyridine (α-Picoline),metabolite,,C6H7N,Nitrogen compound,Nitrogen compound (Pyridine),Nitrogen compound (Pyridine),Nitrogen compound,2-甲基吡啶(α-皮考啉)。,中高 - 增强烟草烟熏香
METAB_00505,3-Methylpyridine (β-Picoline),metabolite,,C6H7N,Nitrogen compound,Nitrogen compound (Pyridine),Nitrogen compound (Pyridine),Nitrogen compound,3-甲基吡啶(β-皮考啉)。,中高 - 增强烟草烟熏香
METAB_00506,4-Methylpyridine (γ-Picoline),metabolite,,C6H7N,Nitrogen compound,Nitrogen compound (Pyridine),Nitrogen compound (Pyridine),Nitrogen compound,4-甲基吡啶(γ-皮考啉)。,中高 - 增强烟草烟熏香
METAB_00507,"2,6-Dimethylpyridine (Lutidine)",metabolite,,C7H9N,Nitrogen compound,Nitrogen compound (Pyridine),Nitrogen compound (Pyridine),Nitrogen compound,"2,6-二甲基吡啶(卢剔啶)。",中 - 增强烟草烟熏香
METAB_00508,3-Ethylpyridine,metabolite,,C7H9N,Nitrogen compound,Nitrogen compound (Pyridine),Nitrogen compound (Pyridine),Nitrogen compound,3-乙基吡啶。,中高 - 增强烟草烟熏香和青香
METAB_00509,2-Ethylpyridine,metabolite,,C7H9N,Nitrogen compound,Nitrogen compound (Pyridine),Nitrogen compound (Pyridine),Nitrogen compound,2-乙基吡啶。,中 - 增强烟草烟熏香
METAB_00510,4-Ethylpyridine,metabolite,,C7H9N,Nitrogen compound,Nitrogen compound (Pyridine),Nitrogen compound (Pyridine),Nitrogen compound,4-乙基吡啶。,中 - 增强烟草烟熏香
METAB_00511,2-Acetylpyridine,metabolite,,C7H7NO,Nitrogen compound,Nitrogen compound (Pyridine),Nitrogen compound (Pyridine),Nitrogen compound,2-乙酰吡啶，由赖氨酸或谷氨酸和糖的美拉德反应生成，具有爆米花香和烟草香。,高 - 烟草爆米花香和烟草香的贡献者
METAB_00512,3-Acetylpyridine,metabolite,,C7H7NO,Nitrogen compound,Nitrogen compound (Pyridine),Nitrogen compound (Pyridine),Nitrogen compound,3-乙酰吡啶。,中 - 增强烟草坚果香
METAB_00513,4-Acetylpyridine,metabolite,,C7H7NO,Nitrogen compound,Nitrogen compound (Pyridine),Nitrogen compound (Pyridine),Nitrogen compound,4-乙酰吡啶。,中 - 增强烟草坚果香
METAB_00514,2-Isobutylpyridine,metabolite,,C9H13N,Nitrogen compound,Nitrogen compound (Pyridine),Nitrogen compound (Pyridine),Nitrogen compound,2-异丁基吡啶。,中 - 增强烟草青香
METAB_00515,2-Isopropylpyridine,metabolite,,C8H11N,Nitrogen compound,Nitrogen compound (Pyridine),Nitrogen compound (Pyridine),Nitrogen compound,2-异丙基吡啶。,中 - 增强烟草青香
METAB_00516,2-Pentylpyridine,metabolite,,C10H15N,Nitrogen compound,Nitrogen compound (Pyridine),Nitrogen compound (Pyridine),Nitrogen compound,2-戊基吡啶，由赖氨酸和己醛反应生成。,中 - 增强烟草脂肪香和青香
METAB_00517,Nicotinic acid methyl ester (Methyl nicotinate),metabolite,,C7H7NO2,Nitrogen compound,Nitrogen compound (Pyridine ester),Nitrogen compound (Pyridine ester),Nitrogen compound,烟酸甲酯，由烟酸甲基化生成。,中 - 增强烟草清香
METAB_00518,2-Vinylpyridine,metabolite,,C7H7N,Nitrogen compound,Nitrogen compound (Pyridine),Nitrogen compound (Pyridine),Nitrogen compound,2-乙烯基吡啶。,中 - 增强烟草烟熏香
METAB_00519,Pyrrole,metabolite,,C4H5N,Nitrogen compound,Nitrogen compound (Pyrrole),Nitrogen compound (Pyrrole),Nitrogen compound,吡咯，由氨基酸(如谷氨酸、脯氨酸)热降解或微生物代谢生成。,中 - 烟草烟熏香的贡献者
METAB_00520,2-Methylpyrrole,metabolite,,C5H7N,Nitrogen compound,Nitrogen compound (Pyrrole),Nitrogen compound (Pyrrole),Nitrogen compound,2-甲基吡咯。,中 - 增强烟草烟熏香
METAB_00521,N-Methylpyrrole,metabolite,,C5H7N,Nitrogen compound,Nitrogen compound (Pyrrole),Nitrogen compound (Pyrrole),Nitrogen compound,N-甲基吡咯。,中 - 增强烟草烟熏香
METAB_00522,N-Acetylpyrrole,metabolite,,C6H7NO,Nitrogen compound,Nitrogen compound (Pyrrole),Nitrogen compound (Pyrrole),Nitrogen compound,N-乙酰吡咯。,中 - 增强烟草甜香
METAB_00523,2-Formylpyrrole,metabolite,,C5H5NO,Nitrogen compound,Nitrogen compound (Pyrrole),Nitrogen compound (Pyrrole),Nitrogen compound,2-甲酰基吡咯。,中 - 增强烟草烟熏香
METAB_00524,5-Methyl-2-formylpyrrole,metabolite,,C6H7NO,Nitrogen compound,Nitrogen compound (Pyrrole),Nitrogen compound (Pyrrole),Nitrogen compound,5-甲基-2-甲酰基吡咯。,中 - 增强烟草甜香
METAB_00525,1-Pyrroline,metabolite,,C4H7N,Nitrogen compound,Nitrogen compound (Pyrroline),Nitrogen compound (Pyrroline),Nitrogen compound,1-吡咯啉，由脯氨酸氧化或腐胺氧化生成。,中 - 美拉德反应中间体
METAB_00526,Pyrrolidine,metabolite,,C4H9N,Nitrogen compound,Nitrogen compound (Pyrrolidine),Nitrogen compound (Pyrrolidine),Nitrogen compound,吡咯烷，由脯氨酸还原或腐胺代谢生成。,中 - 增强烟草胺味
METAB_00527,2-Acetyl-3-methylpyrazine,metabolite,,C7H8N2O,Nitrogen compound,Nitrogen compound (Pyrazine),Nitrogen compound (Pyrazine),Nitrogen compound,2-乙酰-3-甲基吡嗪。,中高 - 增强烟草烤香
METAB_00528,2-Methyl-5-vinylpyrazine,metabolite,,C7H8N2,Nitrogen compound,Nitrogen compound (Pyrazine),Nitrogen compound (Pyrazine),Nitrogen compound,2-甲基-5-乙烯基吡嗪。,中 - 增强烟草烤香
METAB_00529,2-Methyl-6-vinylpyrazine,metabolite,,C7H8N2,Nitrogen compound,Nitrogen compound (Pyrazine),Nitrogen compound (Pyrazine),Nitrogen compound,2-甲基-6-乙烯基吡嗪。,中 - 增强烟草烤香
METAB_00530,Indole,metabolite,C00463,C8H7N,Nitrogen compound,Nitrogen compound (Indole),Nitrogen compound (Indole),Nitrogen compound,吲哚，由色氨酸经色氨酸酶催化生成，具有茉莉花香和粪臭味(高浓度)。,高 - 烟草茉莉花香的贡献者
METAB_00531,Skatole (3-Methylindole),metabolite,C07628,C9H9N,Nitrogen compound,Nitrogen compound (Indole),Nitrogen compound (Indole),Nitrogen compound,粪臭素(3-甲基吲哚)，由色氨酸经吲哚-3-乙酸途径生成，具有粪臭味和花香(低浓度)。,中 - 低浓度增强花香，高浓度产生异味
METAB_00532,Indole-3-acetic acid (IAA),metabolite,,C10H9NO2,Nitrogen compound,Nitrogen compound (Indole),Nitrogen compound (Indole),Nitrogen compound,吲哚-3-乙酸(植物生长素)，由色氨酸经吲哚-3-丙酮酸途径生成。,中 - 植物激素和代谢中间体
METAB_00533,Indole-3-acetaldehyde,metabolite,,C10H9NO,Nitrogen compound,Nitrogen compound (Indole),Nitrogen compound (Indole),Nitrogen compound,吲哚-3-乙醛，由色氨酸经转氨和脱羧生成。,中 - IAA和色醇前体
METAB_00534,Quinoline,metabolite,,C9H7N,Nitrogen compound,Nitrogen compound (Quinoline),Nitrogen compound (Quinoline),Nitrogen compound,喹啉，由苯丙氨酸或色氨酸热降解生成，具有烟熏香和皮革香。,中 - 烟草烟熏香的贡献者
METAB_00535,Isoquinoline,metabolite,,C9H7N,Nitrogen compound,Nitrogen compound (Quinoline),Nitrogen compound (Quinoline),Nitrogen compound,异喹啉。,中 - 增强烟草烟熏香
METAB_00536,2-Methylquinoline (Quinaldine),metabolite,,C10H9N,Nitrogen compound,Nitrogen compound (Quinoline),Nitrogen compound (Quinoline),Nitrogen compound,2-甲基喹啉(喹哪啶)。,中 - 增强烟草烟熏香
METAB_00537,4-Methylquinoline (Lepidine),metabolite,,C10H9N,Nitrogen compound,Nitrogen compound (Quinoline),Nitrogen compound (Quinoline),Nitrogen compound,4-甲基喹啉(勒皮啶)。,中 - 增强烟草烟熏香
METAB_00538,Nicotine,metabolite,C00745,C10H14N2,Nitrogen compound,Nitrogen compound (Tobacco alkaloid),Nitrogen compound (Tobacco alkaloid),Nitrogen compound,烟碱(尼古丁)，由烟酸和鸟氨酸经腐胺途径缩合生成，是烟草主要生物碱。,极高 - 烟草特征生物碱，提供生理刺激性和苦味
METAB_00539,Nornicotine,metabolite,,C9H12N2,Nitrogen compound,Nitrogen compound (Tobacco alkaloid),Nitrogen compound (Tobacco alkaloid),Nitrogen compound,降烟碱，由烟碱N-脱甲基生成，是烟碱的主要代谢产物。,高 - 烟碱代谢产物，影响烟草品质
METAB_00540,Anatabine,metabolite,C06504,C10H12N2,Nitrogen compound,Nitrogen compound (Tobacco alkaloid),Nitrogen compound (Tobacco alkaloid),Nitrogen compound,新烟草碱，由烟酸和丁醛缩合生成，是烟草次要生物碱。,中高 - 烟草次要生物碱
METAB_00541,Anabasine,metabolite,C00746,C10H14N2,Nitrogen compound,Nitrogen compound (Tobacco alkaloid),Nitrogen compound (Tobacco alkaloid),Nitrogen compound,假木贼碱(毒藜碱)，由烟酸和赖氨酸(哌啶)途径缩合生成。,中 - 烟草次要生物碱
METAB_00542,Myosmine,metabolite,C06355,C9H10N2,Nitrogen compound,Nitrogen compound (Tobacco alkaloid),Nitrogen compound (Tobacco alkaloid),Nitrogen compound,麦斯明，由烟碱或降烟碱脱氢生成。,中 - 烟碱代谢产物
METAB_00543,Cotinine,metabolite,C05350,C10H12N2O,Nitrogen compound,Nitrogen compound (Tobacco alkaloid),Nitrogen compound (Tobacco alkaloid),Nitrogen compound,可替宁，由烟碱C-氧化生成，是烟碱的主要代谢产物。,中 - 烟碱代谢产物
METAB_00544,Nicotyrine,metabolite,,C10H10N2,Nitrogen compound,Nitrogen compound (Tobacco alkaloid),Nitrogen compound (Tobacco alkaloid),Nitrogen compound,吡啶基吡咯(N-去甲基烟碱脱氢产物)，由烟碱N-脱甲基和脱氢生成。,中 - 烟碱代谢产物
METAB_00545,Nicotinic acid (Niacin),metabolite,,C6H5NO2,Nitrogen compound,Nitrogen compound (Pyridine acid),Nitrogen compound (Pyridine acid),Nitrogen compound,烟酸(维生素B3)，由喹啉酸经喹啉酸磷酸核糖转移酶途径生成，是烟碱合成的前体。,高 - 烟碱前体和辅酶
METAB_00546,Nicotinamide,metabolite,,C6H6N2O,Nitrogen compound,Nitrogen compound (Pyridine amide),Nitrogen compound (Pyridine amide),Nitrogen compound,烟酰胺，由烟酸酰胺化生成，是NAD/NADP的前体。,中 - 辅酶前体
METAB_00547,Anatabinine,metabolite,,C10H12N2,Nitrogen compound,Nitrogen compound (Tobacco alkaloid),Nitrogen compound (Tobacco alkaloid),Nitrogen compound,新烟草次碱，由烟酸和哌啶途径缩合生成。,中 - 烟草次要生物碱
METAB_00548,"2,3'-Bipyridyl",metabolite,,C10H8N2,Nitrogen compound,Nitrogen compound (Bipyridyl),Nitrogen compound (Bipyridyl),Nitrogen compound,"2,3'-联吡啶，由烟碱或新烟草碱降解生成。",中 - 烟碱降解产物
METAB_00549,γ-Butyrolactone (GBL),metabolite,,C4H6O2,Lactone,Lactone (γ-Lactone),Lactone (γ-Lactone),Lactone,γ-丁内酯，由4-羟基丁酸环化或GABA代谢生成，具有甜香和奶香。,高 - 烟草甜香和奶香的贡献者
METAB_00550,γ-Valerolactone,metabolite,,C5H8O2,Lactone,Lactone (γ-Lactone),Lactone (γ-Lactone),Lactone,γ-戊内酯，由4-羟基戊酸环化生成。,中高 - 增强烟草甜香和奶香
METAB_00551,γ-Hexalactone,metabolite,,C6H10O2,Lactone,Lactone (γ-Lactone),Lactone (γ-Lactone),Lactone,γ-己内酯，由4-羟基己酸环化生成，具有甜香和果香。,中高 - 烟草甜香和果香的贡献者
METAB_00552,γ-Heptalactone,metabolite,,C7H12O2,Lactone,Lactone (γ-Lactone),Lactone (γ-Lactone),Lactone,γ-庚内酯。,中 - 增强烟草甜香和果香
METAB_00553,γ-Octalactone,metabolite,,C8H14O2,Lactone,Lactone (γ-Lactone),Lactone (γ-Lactone),Lactone,γ-辛内酯，由4-羟基辛酸环化生成。,中高 - 烟草甜香和椰子香的贡献者
METAB_00554,γ-Nonalactone,metabolite,,C9H16O2,Lactone,Lactone (γ-Lactone),Lactone (γ-Lactone),Lactone,γ-壬内酯(椰子醛)，由4-羟基壬酸环化生成，具有椰子香。,高 - 烟草椰子香的贡献者
METAB_00555,γ-Decalactone,metabolite,,C10H18O2,Lactone,Lactone (γ-Lactone),Lactone (γ-Lactone),Lactone,γ-癸内酯，由4-羟基癸酸环化或蓖麻油酸降解生成，具有桃子香。,高 - 烟草桃子香和果香的贡献者
METAB_00556,γ-Undecalactone,metabolite,,C11H20O2,Lactone,Lactone (γ-Lactone),Lactone (γ-Lactone),Lactone,γ-十一内酯(桃醛)，由4-羟基十一酸环化生成。,高 - 烟草桃子香的贡献者
METAB_00557,γ-Dodecalactone,metabolite,,C12H22O2,Lactone,Lactone (γ-Lactone),Lactone (γ-Lactone),Lactone,γ-十二内酯。,中高 - 增强烟草果香和奶香
METAB_00558,δ-Hexalactone,metabolite,,C6H10O2,Lactone,Lactone (δ-Lactone),Lactone (δ-Lactone),Lactone,δ-己内酯，由5-羟基己酸环化生成。,中 - 增强烟草甜香和果香
METAB_00559,δ-Octalactone,metabolite,,C8H14O2,Lactone,Lactone (δ-Lactone),Lactone (δ-Lactone),Lactone,δ-辛内酯。,中 - 增强烟草甜香和果香
METAB_00560,δ-Decalactone,metabolite,,C10H18O2,Lactone,Lactone (δ-Lactone),Lactone (δ-Lactone),Lactone,δ-癸内酯，由5-羟基癸酸环化或蓖麻油酸降解生成，具有桃子香和奶香。,高 - 烟草桃子香和奶香的贡献者
METAB_00561,δ-Undecalactone,metabolite,,C11H20O2,Lactone,Lactone (δ-Lactone),Lactone (δ-Lactone),Lactone,δ-十一内酯。,中高 - 增强烟草果香和奶香
METAB_00562,δ-Dodecalactone,metabolite,,C12H22O2,Lactone,Lactone (δ-Lactone),Lactone (δ-Lactone),Lactone,δ-十二内酯。,中 - 增强烟草果香和奶香
METAB_00563,Coumarin,metabolite,,C9H6O2,Lactone,Lactone (Coumarin),Lactone (Coumarin),Lactone,香豆素，由邻香豆酸(顺式)内酯化或苯丙氨酸途径生成，具有甜香和干草香。,高 - 烟草甜香和干草香的贡献者
METAB_00564,Dihydrocoumarin,metabolite,,C9H8O2,Lactone,Lactone (Coumarin),Lactone (Coumarin),Lactone,二氢香豆素，由香豆素还原生成。,中 - 增强烟草甜香和奶香
METAB_00565,6-Pentyl-2H-pyran-2-one,metabolite,,C10H14O2,Lactone,Lactone (Pyranone),Lactone (Pyranone),Lactone,6-戊基-2H-吡喃-2-酮，由脂肪酸途径或Trichoderma spp.代谢生成，具有椰子香。,高 - 烟草椰子香的贡献者
METAB_00566,"6-Pentyl-5,6-dihydro-2H-pyran-2-one (Massoia lactone)",metabolite,,C10H16O2,Lactone,Lactone (Pyranone),Lactone (Pyranone),Lactone,"6-戊基-5,6-二氢-2H-吡喃-2-酮(马索亚内酯)。",中 - 增强烟草椰子香和奶香
METAB_00567,Whiskey lactone (Oak lactone),metabolite,,C9H16O2,Lactone,Lactone (γ-Lactone),Lactone (γ-Lactone),Lactone,威士忌内酯(橡木内酯)，由橡木木质素降解或微生物转化生成。,中 - 增强烟草威士忌香和椰子香
METAB_00568,Pantolactone,metabolite,,C6H10O3,Lactone,Lactone (γ-Lactone),Lactone (γ-Lactone),Lactone,泛解内酯，由泛酸降解或α-酮异戊酸途径生成。,中 - 代谢中间体
METAB_00569,Tetrahydro-6-methyl-2H-pyran-2-one,metabolite,,C6H10O2,Lactone,Lactone (δ-Lactone),Lactone (δ-Lactone),Lactone,四氢-6-甲基-2H-吡喃-2-酮(δ-己内酯异构体)。,中 - 增强烟草甜香和果香
METAB_00570,Cembratriene-diol (CBT-diol),metabolite,,C20H34O2,Tobacco-specific compound,Tobacco-specific compound (Cembranoid),Tobacco-specific compound (Cembranoid),Tobacco-specific compound,西柏三烯二醇，由西柏三烯羟基化生成，是茄酮的前体。,极高 - 茄酮前体和烟草重要香气前体
METAB_00571,α-Cembratriene-diol,metabolite,,C20H34O2,Tobacco-specific compound,Tobacco-specific compound (Cembranoid),Tobacco-specific compound (Cembranoid),Tobacco-specific compound,α-西柏三烯二醇，西柏三烯二醇的异构体。,高 - 茄酮前体
METAB_00572,β-Cembratriene-diol,metabolite,,C20H34O2,Tobacco-specific compound,Tobacco-specific compound (Cembranoid),Tobacco-specific compound (Cembranoid),Tobacco-specific compound,β-西柏三烯二醇，西柏三烯二醇的异构体。,高 - 茄酮前体
METAB_00573,"Tabanone (4,8,13-Duvatriene-1,3-diol)",metabolite,,C20H34O2,Tobacco-specific compound,Tobacco-specific compound (Cembranoid),Tobacco-specific compound (Cembranoid),Tobacco-specific compound,"Tabanone(4,8,13-杜伐三烯-1,3-二醇)，由西柏三烯二醇氧化生成。",高 - 烟草特有香气前体
METAB_00574,"Duvantriene (4,8,12,16-Tetramethylheptadeca-1,3,7,11,15-pentaene)",metabolite,,C20H32,Tobacco-specific compound,Tobacco-specific compound (Duvatriene),Tobacco-specific compound (Duvatriene),Tobacco-specific compound,杜伐三烯，由GGPP经杜伐烯合酶催化生成。,中 - 烟草特有二萜
METAB_00575,Duvatrienediol (DVT-diol),metabolite,,C20H34O2,Tobacco-specific compound,Tobacco-specific compound (Duvatriene),Tobacco-specific compound (Duvatriene),Tobacco-specific compound,杜伐三烯二醇，由杜伐三烯羟基化生成。,高 - 烟草特有香气前体
METAB_00576,α-Duvatrienediol,metabolite,,C20H34O2,Tobacco-specific compound,Tobacco-specific compound (Duvatriene),Tobacco-specific compound (Duvatriene),Tobacco-specific compound,α-杜伐三烯二醇。,中高 - 烟草特有香气前体
METAB_00577,β-Duvatrienediol,metabolite,,C20H34O2,Tobacco-specific compound,Tobacco-specific compound (Duvatriene),Tobacco-specific compound (Duvatriene),Tobacco-specific compound,β-杜伐三烯二醇。,中高 - 烟草特有香气前体
METAB_00578,Loliolide,metabolite,,C11H16O3,Tobacco-specific compound,Tobacco-specific compound (Carotenoid degradation product),Tobacco-specific compound (Carotenoid degradation product),Tobacco-specific compound,黑麦草内酯，由β-胡萝卜素氧化降解生成，具有甜香和木香。,中高 - 烟草甜香和木香的贡献者
METAB_00579,Solanafuran,metabolite,,C13H18O,Tobacco-specific compound,Tobacco-specific compound (Cembranoid degradation product),Tobacco-specific compound (Cembranoid degradation product),Tobacco-specific compound,茄呋喃，由西柏烷类或类胡萝卜素降解生成。,中 - 增强烟草甜香和木香
METAB_00580,Tobacco lactone,metabolite,,C10H14O2,Tobacco-specific compound,Tobacco-specific compound (Lactone),Tobacco-specific compound (Lactone),Tobacco-specific compound,烟草内酯，由脂肪酸或类胡萝卜素降解生成。,中高 - 增强烟草甜香和果香
METAB_00581,Pentadecane,metabolite,,C15H32,Hydrocarbon,Hydrocarbon,Hydrocarbon,Hydrocarbon,十五烷，由脂肪酸脱羧或长链烷烃降解生成。,中 - 增强烟草蜡香
METAB_00582,Heptadecane,metabolite,,C17H36,Hydrocarbon,Hydrocarbon,Hydrocarbon,Hydrocarbon,十七烷。,中 - 增强烟草蜡香
METAB_00583,Nonadecane,metabolite,,C19H40,Hydrocarbon,Hydrocarbon,Hydrocarbon,Hydrocarbon,十九烷。,中 - 增强烟草蜡香
METAB_00584,Heneicosane,metabolite,,C21H44,Hydrocarbon,Hydrocarbon,Hydrocarbon,Hydrocarbon,二十一烷。,中 - 增强烟草蜡香
METAB_00585,Tricosane,metabolite,,C23H48,Hydrocarbon,Hydrocarbon,Hydrocarbon,Hydrocarbon,二十三烷。,中 - 增强烟草蜡香
METAB_00586,Pentacosane,metabolite,,C25H52,Hydrocarbon,Hydrocarbon,Hydrocarbon,Hydrocarbon,二十五烷。,中 - 增强烟草蜡香
METAB_00587,Heptacosane,metabolite,,C27H56,Hydrocarbon,Hydrocarbon,Hydrocarbon,Hydrocarbon,二十七烷。,中 - 增强烟草蜡香
METAB_00588,Nonacosane,metabolite,,C29H60,Hydrocarbon,Hydrocarbon,Hydrocarbon,Hydrocarbon,二十九烷。,中 - 增强烟草蜡香
METAB_00589,Hentriacontane,metabolite,,C31H64,Hydrocarbon,Hydrocarbon,Hydrocarbon,Hydrocarbon,三十一烷。,中 - 增强烟草蜡香
METAB_00590,"1,1-Diethoxyethane (Acetal)",metabolite,,C6H14O2,Ether,Ether (Acetal),Ether (Acetal),Ether,"1,1-二乙氧基乙烷(乙缩醛)，由乙醛和乙醇缩合生成。",中 - 增强烟草果香和甜香
METAB_00591,"1,1-Diethoxypropane",metabolite,,C7H16O2,Ether,Ether (Acetal),Ether (Acetal),Ether,"1,1-二乙氧基丙烷。",中 - 增强烟草果香
METAB_00592,2-Ethoxyethanol,metabolite,,C4H10O2,Ether,Ether,Ether,Ether,2-乙氧基乙醇(乙二醇单乙醚)。,低 - 溶剂
METAB_00593,Anethole (trans-p-Anethole),metabolite,,C10H12O,Phenylpropanoid/benzenoid compound,Phenylpropanoid/benzenoid compound (Ether),Phenylpropanoid/benzenoid compound (Ether),Phenylpropanoid/benzenoid compound,茴香脑(反式对茴香脑)，由对甲氧基苯丙烯或苯丙氨酸途径生成，具有茴香和甜香。,中高 - 增强烟草茴香和甜香
METAB_00594,Estragole (p-Allylanisole),metabolite,,C10H12O,Phenylpropanoid/benzenoid compound,Phenylpropanoid/benzenoid compound (Ether),Phenylpropanoid/benzenoid compound (Ether),Phenylpropanoid/benzenoid compound,草蒿脑(对烯丙基苯甲醚)，由苯丙氨酸途径生成，具有茴香和辛香。,中 - 增强烟草茴香和辛香
METAB_00595,Myristicin,metabolite,,C11H12O3,Phenylpropanoid/benzenoid compound,Phenylpropanoid/benzenoid compound (Ether),Phenylpropanoid/benzenoid compound (Ether),Phenylpropanoid/benzenoid compound,肉豆蔻醚，由苯丙氨酸途径生成，具有辛香和木香。,中 - 增强烟草辛香和木香
METAB_00596,Apiol,metabolite,,C12H14O4,Phenylpropanoid/benzenoid compound,Phenylpropanoid/benzenoid compound (Ether),Phenylpropanoid/benzenoid compound (Ether),Phenylpropanoid/benzenoid compound,芹菜脑，由苯丙氨酸途径生成。,中 - 增强烟草辛香
METAB_00597,Safrole,metabolite,,C10H10O2,Phenylpropanoid/benzenoid compound,Phenylpropanoid/benzenoid compound (Ether),Phenylpropanoid/benzenoid compound (Ether),Phenylpropanoid/benzenoid compound,黄樟素，由苯丙氨酸途径生成，具有黄樟香和甜香。,中 - 增强烟草甜香和辛香
METAB_00598,Asarone,metabolite,,C12H16O3,Phenylpropanoid/benzenoid compound,Phenylpropanoid/benzenoid compound (Ether),Phenylpropanoid/benzenoid compound (Ether),Phenylpropanoid/benzenoid compound,细辛脑，由苯丙氨酸途径生成。,中 - 增强烟草辛香
METAB_00599,Elemicin,metabolite,,C12H16O3,Phenylpropanoid/benzenoid compound,Phenylpropanoid/benzenoid compound (Ether),Phenylpropanoid/benzenoid compound (Ether),Phenylpropanoid/benzenoid compound,榄香脂素，由苯丙氨酸途径生成。,中 - 增强烟草辛香
METAB_00600,Eugenol methyl ether (Methyleugenol),metabolite,,C11H14O2,Phenylpropanoid/benzenoid compound,Phenylpropanoid/benzenoid compound (Ether),Phenylpropanoid/benzenoid compound (Ether),Phenylpropanoid/benzenoid compound,甲基丁香酚，由丁香酚甲基化生成。,中 - 增强烟草丁香香和辛香
METAB_00601,Glucose,metabolite,C00031,C6H12O6,Carbohydrate,Carbohydrate,Carbohydrate,Carbohydrate,Carbohydrate from KEGG,
METAB_00602,Fructose,metabolite,C00095,C6H12O6,Carbohydrate,Carbohydrate,Carbohydrate,Carbohydrate,Carbohydrate from KEGG,
METAB_00603,Sucrose,metabolite,C00089,C12H22O11,Carbohydrate,Carbohydrate,Carbohydrate,Carbohydrate,Carbohydrate from KEGG,
METAB_00604,Pyruvate,metabolite,C00022,C3H3O3,Organic_acid,Organic_acid,Organic_acid,Organic_acid,Organic_acid from KEGG,
METAB_00605,Lactate,metabolite,C00186,C3H6O3,Organic_acid,Organic_acid,Organic_acid,Organic_acid,Organic_acid from KEGG,
METAB_00606,Acetate,metabolite,C00033,C2H3O2,Organic_acid,Organic_acid,Organic_acid,Organic_acid,Organic_acid from KEGG,
METAB_00607,Citrate,metabolite,C00158,C6H5O7,Organic_acid,Organic_acid,Organic_acid,Organic_acid,Organic_acid from KEGG,
METAB_00608,Alpha-ketoglutarate,metabolite,C00026,C5H4O5,Organic_acid,Organic_acid,Organic_acid,Organic_acid,Organic_acid from KEGG,
METAB_00609,Succinate,metabolite,C00042,C4H4O4,Organic_acid,Organic_acid,Organic_acid,Organic_acid,Organic_acid from KEGG,
METAB_00610,Fumarate,metabolite,C00122,C4H2O4,Organic_acid,Organic_acid,Organic_acid,Organic_acid,Organic_acid from KEGG,
METAB_00611,Malate,metabolite,C00149,C4H4O5,Organic_acid,Organic_acid,Organic_acid,Organic_acid,Organic_acid from KEGG,
METAB_00612,Oxaloacetate,metabolite,C00036,C4H2O5,Organic_acid,Organic_acid,Organic_acid,Organic_acid,Organic_acid from KEGG,
METAB_00613,Alanine,metabolite,C00041,C3H7NO2,Amino_acid,Amino_acid,Amino_acid,Amino_acid,Amino_acid from KEGG,
METAB_00614,Arginine,metabolite,C00062,C6H14N4O2,Amino_acid,Amino_acid,Amino_acid,Amino_acid,Amino_acid from KEGG,
METAB_00615,Aspartate,metabolite,C00049,C4H7NO4,Amino_acid,Amino_acid,Amino_acid,Amino_acid,Amino_acid from KEGG,
METAB_00616,Glutamate,metabolite,C00025,C5H9NO4,Amino_acid,Amino_acid,Amino_acid,Amino_acid,Amino_acid from KEGG,
METAB_00617,Glycine,metabolite,C00037,C2H5NO2,Amino_acid,Amino_acid,Amino_acid,Amino_acid,Amino_acid from KEGG,
METAB_00618,Leucine,metabolite,C00120,C6H13NO2,Amino_acid,Amino_acid,Amino_acid,Amino_acid,Amino_acid from KEGG,
METAB_00619,Lysine,metabolite,C00047,C6H14N2O2,Amino_acid,Amino_acid,Amino_acid,Amino_acid,Amino_acid from KEGG,
METAB_00620,Phenylalanine,metabolite,C00079,C9H11NO2,Amino_acid,Amino_acid,Amino_acid,Amino_acid,Amino_acid from KEGG,
METAB_00621,Tyrosine,metabolite,C00082,C9H11NO3,Amino_acid,Amino_acid,Amino_acid,Amino_acid,Amino_acid from KEGG,
METAB_00622,Valine,metabolite,C00183,C5H11NO2,Amino_acid,Amino_acid,Amino_acid,Amino_acid,Amino_acid from KEGG,
METAB_00623,Caffeine,metabolite,C07481,C8H10N4O2,Alkaloid,Alkaloid,Alkaloid,Alkaloid,Alkaloid from KEGG,
METAB_00624,Palmitic acid,metabolite,C00249,C16H32O2,Fatty_acid,Fatty_acid,Fatty_acid,Fatty_acid,Fatty_acid from KEGG,
METAB_00625,Choline,metabolite,C00114,C5H13NO,Lipid,Lipid,Lipid,Lipid,Lipid from KEGG,
METAB_00626,ATP,metabolite,C00002,C10H16N5O13P3,Nucleotide,Nucleotide,Nucleotide,Nucleotide,Nucleotide from KEGG,
METAB_00627,ADP,metabolite,C00008,C10H15N5O10P2,Nucleotide,Nucleotide,Nucleotide,Nucleotide,Nucleotide from KEGG,
METAB_00628,AMP,metabolite,C00020,C10H14N5O7P,Nucleotide,Nucleotide,Nucleotide,Nucleotide,Nucleotide from KEGG,
METAB_00629,beta-Carotene,metabolite,C02094,C40H56,Carotenoid,Carotenoid,Carotenoid,Carotenoid,Carotenoid from KEGG,
METAB_00630,Lycopene,metabolite,C03354,C40H56,Carotenoid,Carotenoid,Carotenoid,Carotenoid,Carotenoid from KEGG,
METAB_00631,Chlorogenic acid,metabolite,C00352,C16H18O9,Phenylpropanoid,Phenylpropanoid,Phenylpropanoid,Phenylpropanoid,Phenylpropanoid from KEGG,
METAB_00632,Metabolite_632,metabolite,,,Unknown,Unknown,Unknown,Unknown,Putative metabolite 632,
METAB_00633,Metabolite_633,metabolite,,,Unknown,Unknown,Unknown,Unknown,Putative metabolite 633,
METAB_00634,Metabolite_634,metabolite,,,Unknown,Unknown,Unknown,Unknown,Putative metabolite 634,
METAB_00635,Metabolite_635,metabolite,,,Unknown,Unknown,Unknown,Unknown,Putative metabolite 635,
METAB_00636,Metabolite_636,metabolite,,,Unknown,Unknown,Unknown,Unknown,Putative metabolite 636,
METAB_00637,Metabolite_637,metabolite,,,Unknown,Unknown,Unknown,Unknown,Putative metabolite 637,
METAB_00638,Metabolite_638,metabolite,,,Unknown,Unknown,Unknown,Unknown,Putative metabolite 638,
METAB_00639,Metabolite_639,metabolite,,,Unknown,Unknown,Unknown,Unknown,Putative metabolite 639,
METAB_00640,Metabolite_640,metabolite,,,Unknown,Unknown,Unknown,Unknown,Putative metabolite 640,
METAB_00641,Metabolite_641,metabolite,,,Unknown,Unknown,Unknown,Unknown,Putative metabolite 641,
METAB_00642,Metabolite_642,metabolite,,,Unknown,Unknown,Unknown,Unknown,Putative metabolite 642,
METAB_00643,Metabolite_643,metabolite,,,Unknown,Unknown,Unknown,Unknown,Putative metabolite 643,
METAB_00644,Metabolite_644,metabolite,,,Unknown,Unknown,Unknown,Unknown,Putative metabolite 644,
METAB_00645,Metabolite_645,metabolite,,,Unknown,Unknown,Unknown,Unknown,Putative metabolite 645,
METAB_00646,Metabolite_646,metabolite,,,Unknown,Unknown,Unknown,Unknown,Putative metabolite 646,
METAB_00647,Metabolite_647,metabolite,,,Unknown,Unknown,Unknown,Unknown,Putative metabolite 647,
METAB_00648,Metabolite_648,metabolite,,,Unknown,Unknown,Unknown,Unknown,Putative metabolite 648,
METAB_00649,Metabolite_649,metabolite,,,Unknown,Unknown,Unknown,Unknown,Putative metabolite 649,
METAB_00650,Metabolite_650,metabolite,,,Unknown,Unknown,Unknown,Unknown,Putative metabolite 650,
METAB_00651,Metabolite_651,metabolite,,,Unknown,Unknown,Unknown,Unknown,Putative metabolite 651,
METAB_00652,Metabolite_652,metabolite,,,Unknown,Unknown,Unknown,Unknown,Putative metabolite 652,
METAB_00653,Metabolite_653,metabolite,,,Unknown,Unknown,Unknown,Unknown,Putative metabolite 653,
METAB_00654,Metabolite_654,metabolite,,,Unknown,Unknown,Unknown,Unknown,Putative metabolite 654,
METAB_00655,Metabolite_655,metabolite,,,Unknown,Unknown,Unknown,Unknown,Putative metabolite 655,
METAB_00656,Metabolite_656,metabolite,,,Unknown,Unknown,Unknown,Unknown,Putative metabolite 656,
METAB_00657,Metabolite_657,metabolite,,,Unknown,Unknown,Unknown,Unknown,Putative metabolite 657,
METAB_00658,Metabolite_658,metabolite,,,Unknown,Unknown,Unknown,Unknown,Putative metabolite 658,
METAB_00659,Metabolite_659,metabolite,,,Unknown,Unknown,Unknown,Unknown,Putative metabolite 659,
METAB_00660,Metabolite_660,metabolite,,,Unknown,Unknown,Unknown,Unknown,Putative metabolite 660,
METAB_00661,Metabolite_661,metabolite,,,Unknown,Unknown,Unknown,Unknown,Putative metabolite 661,
METAB_00662,Metabolite_662,metabolite,,,Unknown,Unknown,Unknown,Unknown,Putative metabolite 662,
METAB_00663,Metabolite_663,metabolite,,,Unknown,Unknown,Unknown,Unknown,Putative metabolite 663,
METAB_00664,Metabolite_664,metabolite,,,Unknown,Unknown,Unknown,Unknown,Putative metabolite 664,
METAB_00665,Metabolite_665,metabolite,,,Unknown,Unknown,Unknown,Unknown,Putative metabolite 665,
METAB_00666,Metabolite_666,metabolite,,,Unknown,Unknown,Unknown,Unknown,Putative metabolite 666,
METAB_00667,Metabolite_667,metabolite,,,Unknown,Unknown,Unknown,Unknown,Putative metabolite 667,
METAB_00668,Metabolite_668,metabolite,,,Unknown,Unknown,Unknown,Unknown,Putative metabolite 668,
METAB_00669,Metabolite_669,metabolite,,,Unknown,Unknown,Unknown,Unknown,Putative metabolite 669,
METAB_00670,Metabolite_670,metabolite,,,Unknown,Unknown,Unknown,Unknown,Putative metabolite 670,
METAB_00671,Metabolite_671,metabolite,,,Unknown,Unknown,Unknown,Unknown,Putative metabolite 671,
METAB_00672,Metabolite_672,metabolite,,,Unknown,Unknown,Unknown,Unknown,Putative metabolite 672,
METAB_00673,Metabolite_673,metabolite,,,Unknown,Unknown,Unknown,Unknown,Putative metabolite 673,
METAB_00674,Metabolite_674,metabolite,,,Unknown,Unknown,Unknown,Unknown,Putative metabolite 674,
METAB_00675,Metabolite_675,metabolite,,,Unknown,Unknown,Unknown,Unknown,Putative metabolite 675,
METAB_00676,Metabolite_676,metabolite,,,Unknown,Unknown,Unknown,Unknown,Putative metabolite 676,
METAB_00677,Metabolite_677,metabolite,,,Unknown,Unknown,Unknown,Unknown,Putative metabolite 677,
METAB_00678,Metabolite_678,metabolite,,,Unknown,Unknown,Unknown,Unknown,Putative metabolite 678,
METAB_00679,Metabolite_679,metabolite,,,Unknown,Unknown,Unknown,Unknown,Putative metabolite 679,
METAB_00680,Metabolite_680,metabolite,,,Unknown,Unknown,Unknown,Unknown,Putative metabolite 680,
METAB_00681,Metabolite_681,metabolite,,,Unknown,Unknown,Unknown,Unknown,Putative metabolite 681,
METAB_00682,Metabolite_682,metabolite,,,Unknown,Unknown,Unknown,Unknown,Putative metabolite 682,
METAB_00683,Metabolite_683,metabolite,,,Unknown,Unknown,Unknown,Unknown,Putative metabolite 683,
METAB_00684,Metabolite_684,metabolite,,,Unknown,Unknown,Unknown,Unknown,Putative metabolite 684,
METAB_00685,Metabolite_685,metabolite,,,Unknown,Unknown,Unknown,Unknown,Putative metabolite 685,
METAB_00686,Metabolite_686,metabolite,,,Unknown,Unknown,Unknown,Unknown,Putative metabolite 686,
METAB_00687,Metabolite_687,metabolite,,,Unknown,Unknown,Unknown,Unknown,Putative metabolite 687,
METAB_00688,Metabolite_688,metabolite,,,Unknown,Unknown,Unknown,Unknown,Putative metabolite 688,
METAB_00689,Metabolite_689,metabolite,,,Unknown,Unknown,Unknown,Unknown,Putative metabolite 689,
METAB_00690,Metabolite_690,metabolite,,,Unknown,Unknown,Unknown,Unknown,Putative metabolite 690,
METAB_00691,Metabolite_691,metabolite,,,Unknown,Unknown,Unknown,Unknown,Putative metabolite 691,
METAB_00692,Metabolite_692,metabolite,,,Unknown,Unknown,Unknown,Unknown,Putative metabolite 692,
METAB_00693,Metabolite_693,metabolite,,,Unknown,Unknown,Unknown,Unknown,Putative metabolite 693,
METAB_00694,Metabolite_694,metabolite,,,Unknown,Unknown,Unknown,Unknown,Putative metabolite 694,
METAB_00695,Metabolite_695,metabolite,,,Unknown,Unknown,Unknown,Unknown,Putative metabolite 695,
METAB_00696,Metabolite_696,metabolite,,,Unknown,Unknown,Unknown,Unknown,Putative metabolite 696,
METAB_00697,Metabolite_697,metabolite,,,Unknown,Unknown,Unknown,Unknown,Putative metabolite 697,
METAB_00698,Metabolite_698,metabolite,,,Unknown,Unknown,Unknown,Unknown,Putative metabolite 698,
METAB_00699,Metabolite_699,metabolite,,,Unknown,Unknown,Unknown,Unknown,Putative metabolite 699,
METAB_00700,Metabolite_700,metabolite,,,Unknown,Unknown,Unknown,Unknown,Putative metabolite 700,
METAB_00701,Metabolite_701,metabolite,,,Unknown,Unknown,Unknown,Unknown,Putative metabolite 701,
METAB_00702,Metabolite_702,metabolite,,,Unknown,Unknown,Unknown,Unknown,Putative metabolite 702,
METAB_00703,Metabolite_703,metabolite,,,Unknown,Unknown,Unknown,Unknown,Putative metabolite 703,
METAB_00704,Metabolite_704,metabolite,,,Unknown,Unknown,Unknown,Unknown,Putative metabolite 704,
METAB_00705,Metabolite_705,metabolite,,,Unknown,Unknown,Unknown,Unknown,Putative metabolite 705,
METAB_00706,Metabolite_706,metabolite,,,Unknown,Unknown,Unknown,Unknown,Putative metabolite 706,
METAB_00707,Metabolite_707,metabolite,,,Unknown,Unknown,Unknown,Unknown,Putative metabolite 707,
METAB_00708,Metabolite_708,metabolite,,,Unknown,Unknown,Unknown,Unknown,Putative metabolite 708,
METAB_00709,Metabolite_709,metabolite,,,Unknown,Unknown,Unknown,Unknown,Putative metabolite 709,
METAB_00710,Metabolite_710,metabolite,,,Unknown,Unknown,Unknown,Unknown,Putative metabolite 710,
METAB_00711,Metabolite_711,metabolite,,,Unknown,Unknown,Unknown,Unknown,Putative metabolite 711,
METAB_00712,Metabolite_712,metabolite,,,Unknown,Unknown,Unknown,Unknown,Putative metabolite 712,
METAB_00713,Metabolite_713,metabolite,,,Unknown,Unknown,Unknown,Unknown,Putative metabolite 713,
METAB_00714,Metabolite_714,metabolite,,,Unknown,Unknown,Unknown,Unknown,Putative metabolite 714,
METAB_00715,Metabolite_715,metabolite,,,Unknown,Unknown,Unknown,Unknown,Putative metabolite 715,
METAB_00716,Metabolite_716,metabolite,,,Unknown,Unknown,Unknown,Unknown,Putative metabolite 716,
METAB_00717,Metabolite_717,metabolite,,,Unknown,Unknown,Unknown,Unknown,Putative metabolite 717,
METAB_00718,Metabolite_718,metabolite,,,Unknown,Unknown,Unknown,Unknown,Putative metabolite 718,
METAB_00719,Metabolite_719,metabolite,,,Unknown,Unknown,Unknown,Unknown,Putative metabolite 719,
METAB_00720,Metabolite_720,metabolite,,,Unknown,Unknown,Unknown,Unknown,Putative metabolite 720,
METAB_00721,Metabolite_721,metabolite,,,Unknown,Unknown,Unknown,Unknown,Putative metabolite 721,
METAB_00722,Metabolite_722,metabolite,,,Unknown,Unknown,Unknown,Unknown,Putative metabolite 722,
METAB_00723,Metabolite_723,metabolite,,,Unknown,Unknown,Unknown,Unknown,Putative metabolite 723,
METAB_00724,Metabolite_724,metabolite,,,Unknown,Unknown,Unknown,Unknown,Putative metabolite 724,
METAB_00725,Metabolite_725,metabolite,,,Unknown,Unknown,Unknown,Unknown,Putative metabolite 725,
METAB_00726,Metabolite_726,metabolite,,,Unknown,Unknown,Unknown,Unknown,Putative metabolite 726,
METAB_00727,Metabolite_727,metabolite,,,Unknown,Unknown,Unknown,Unknown,Putative metabolite 727,
METAB_00728,Metabolite_728,metabolite,,,Unknown,Unknown,Unknown,Unknown,Putative metabolite 728,
METAB_00729,Metabolite_729,metabolite,,,Unknown,Unknown,Unknown,Unknown,Putative metabolite 729,
METAB_00730,Metabolite_730,metabolite,,,Unknown,Unknown,Unknown,Unknown,Putative metabolite 730,
METAB_00731,Metabolite_731,metabolite,,,Unknown,Unknown,Unknown,Unknown,Putative metabolite 731,
METAB_00732,Metabolite_732,metabolite,,,Unknown,Unknown,Unknown,Unknown,Putative metabolite 732,
METAB_00733,Metabolite_733,metabolite,,,Unknown,Unknown,Unknown,Unknown,Putative metabolite 733,
METAB_00734,Metabolite_734,metabolite,,,Unknown,Unknown,Unknown,Unknown,Putative metabolite 734,
METAB_00735,Metabolite_735,metabolite,,,Unknown,Unknown,Unknown,Unknown,Putative metabolite 735,
METAB_00736,Metabolite_736,metabolite,,,Unknown,Unknown,Unknown,Unknown,Putative metabolite 736,
METAB_00737,Metabolite_737,metabolite,,,Unknown,Unknown,Unknown,Unknown,Putative metabolite 737,
METAB_00738,Metabolite_738,metabolite,,,Unknown,Unknown,Unknown,Unknown,Putative metabolite 738,
METAB_00739,Metabolite_739,metabolite,,,Unknown,Unknown,Unknown,Unknown,Putative metabolite 739,
METAB_00740,Metabolite_740,metabolite,,,Unknown,Unknown,Unknown,Unknown,Putative metabolite 740,
METAB_00741,Metabolite_741,metabolite,,,Unknown,Unknown,Unknown,Unknown,Putative metabolite 741,
METAB_00742,Metabolite_742,metabolite,,,Unknown,Unknown,Unknown,Unknown,Putative metabolite 742,
METAB_00743,Metabolite_743,metabolite,,,Unknown,Unknown,Unknown,Unknown,Putative metabolite 743,
METAB_00744,Metabolite_744,metabolite,,,Unknown,Unknown,Unknown,Unknown,Putative metabolite 744,
METAB_00745,Metabolite_745,metabolite,,,Unknown,Unknown,Unknown,Unknown,Putative metabolite 745,
METAB_00746,Metabolite_746,metabolite,,,Unknown,Unknown,Unknown,Unknown,Putative metabolite 746,
METAB_00747,Metabolite_747,metabolite,,,Unknown,Unknown,Unknown,Unknown,Putative metabolite 747,
METAB_00748,Metabolite_748,metabolite,,,Unknown,Unknown,Unknown,Unknown,Putative metabolite 748,
METAB_00749,Metabolite_749,metabolite,,,Unknown,Unknown,Unknown,Unknown,Putative metabolite 749,
METAB_00750,Metabolite_750,metabolite,,,Unknown,Unknown,Unknown,Unknown,Putative metabolite 750,
METAB_00751,Metabolite_751,metabolite,,,Unknown,Unknown,Unknown,Unknown,Putative metabolite 751,
METAB_00752,Metabolite_752,metabolite,,,Unknown,Unknown,Unknown,Unknown,Putative metabolite 752,
METAB_00753,Metabolite_753,metabolite,,,Unknown,Unknown,Unknown,Unknown,Putative metabolite 753,
METAB_00754,Metabolite_754,metabolite,,,Unknown,Unknown,Unknown,Unknown,Putative metabolite 754,
METAB_00755,Metabolite_755,metabolite,,,Unknown,Unknown,Unknown,Unknown,Putative metabolite 755,
METAB_00756,Metabolite_756,metabolite,,,Unknown,Unknown,Unknown,Unknown,Putative metabolite 756,
METAB_00757,Metabolite_757,metabolite,,,Unknown,Unknown,Unknown,Unknown,Putative metabolite 757,
METAB_00758,Metabolite_758,metabolite,,,Unknown,Unknown,Unknown,Unknown,Putative metabolite 758,
METAB_00759,Metabolite_759,metabolite,,,Unknown,Unknown,Unknown,Unknown,Putative metabolite 759,
METAB_00760,Metabolite_760,metabolite,,,Unknown,Unknown,Unknown,Unknown,Putative metabolite 760,
METAB_00761,Metabolite_761,metabolite,,,Unknown,Unknown,Unknown,Unknown,Putative metabolite 761,
METAB_00762,Metabolite_762,metabolite,,,Unknown,Unknown,Unknown,Unknown,Putative metabolite 762,
METAB_00763,Metabolite_763,metabolite,,,Unknown,Unknown,Unknown,Unknown,Putative metabolite 763,
METAB_00764,Metabolite_764,metabolite,,,Unknown,Unknown,Unknown,Unknown,Putative metabolite 764,
METAB_00765,Metabolite_765,metabolite,,,Unknown,Unknown,Unknown,Unknown,Putative metabolite 765,
METAB_00766,Metabolite_766,metabolite,,,Unknown,Unknown,Unknown,Unknown,Putative metabolite 766,
METAB_00767,Metabolite_767,metabolite,,,Unknown,Unknown,Unknown,Unknown,Putative metabolite 767,
METAB_00768,Metabolite_768,metabolite,,,Unknown,Unknown,Unknown,Unknown,Putative metabolite 768,
METAB_00769,Metabolite_769,metabolite,,,Unknown,Unknown,Unknown,Unknown,Putative metabolite 769,
METAB_00770,Metabolite_770,metabolite,,,Unknown,Unknown,Unknown,Unknown,Putative metabolite 770,
METAB_00771,Metabolite_771,metabolite,,,Unknown,Unknown,Unknown,Unknown,Putative metabolite 771,
METAB_00772,Metabolite_772,metabolite,,,Unknown,Unknown,Unknown,Unknown,Putative metabolite 772,
METAB_00773,Metabolite_773,metabolite,,,Unknown,Unknown,Unknown,Unknown,Putative metabolite 773,
METAB_00774,Metabolite_774,metabolite,,,Unknown,Unknown,Unknown,Unknown,Putative metabolite 774,
METAB_00775,Metabolite_775,metabolite,,,Unknown,Unknown,Unknown,Unknown,Putative metabolite 775,
METAB_00776,Metabolite_776,metabolite,,,Unknown,Unknown,Unknown,Unknown,Putative metabolite 776,
METAB_00777,Metabolite_777,metabolite,,,Unknown,Unknown,Unknown,Unknown,Putative metabolite 777,
METAB_00778,Metabolite_778,metabolite,,,Unknown,Unknown,Unknown,Unknown,Putative metabolite 778,
METAB_00779,Metabolite_779,metabolite,,,Unknown,Unknown,Unknown,Unknown,Putative metabolite 779,
METAB_00780,Metabolite_780,metabolite,,,Unknown,Unknown,Unknown,Unknown,Putative metabolite 780,
METAB_00781,Metabolite_781,metabolite,,,Unknown,Unknown,Unknown,Unknown,Putative metabolite 781,
METAB_00782,Metabolite_782,metabolite,,,Unknown,Unknown,Unknown,Unknown,Putative metabolite 782,
METAB_00783,Metabolite_783,metabolite,,,Unknown,Unknown,Unknown,Unknown,Putative metabolite 783,
METAB_00784,Metabolite_784,metabolite,,,Unknown,Unknown,Unknown,Unknown,Putative metabolite 784,
METAB_00785,Metabolite_785,metabolite,,,Unknown,Unknown,Unknown,Unknown,Putative metabolite 785,
METAB_00786,Metabolite_786,metabolite,,,Unknown,Unknown,Unknown,Unknown,Putative metabolite 786,
METAB_00787,Metabolite_787,metabolite,,,Unknown,Unknown,Unknown,Unknown,Putative metabolite 787,
METAB_00788,Metabolite_788,metabolite,,,Unknown,Unknown,Unknown,Unknown,Putative metabolite 788,
METAB_00789,Metabolite_789,metabolite,,,Unknown,Unknown,Unknown,Unknown,Putative metabolite 789,
METAB_00790,Metabolite_790,metabolite,,,Unknown,Unknown,Unknown,Unknown,Putative metabolite 790,
METAB_00791,Metabolite_791,metabolite,,,Unknown,Unknown,Unknown,Unknown,Putative metabolite 791,
METAB_00792,Metabolite_792,metabolite,,,Unknown,Unknown,Unknown,Unknown,Putative metabolite 792,
METAB_00793,Metabolite_793,metabolite,,,Unknown,Unknown,Unknown,Unknown,Putative metabolite 793,
METAB_00794,Metabolite_794,metabolite,,,Unknown,Unknown,Unknown,Unknown,Putative metabolite 794,
METAB_00795,Metabolite_795,metabolite,,,Unknown,Unknown,Unknown,Unknown,Putative metabolite 795,
METAB_00796,Metabolite_796,metabolite,,,Unknown,Unknown,Unknown,Unknown,Putative metabolite 796,
METAB_00797,Metabolite_797,metabolite,,,Unknown,Unknown,Unknown,Unknown,Putative metabolite 797,
METAB_00798,Metabolite_798,metabolite,,,Unknown,Unknown,Unknown,Unknown,Putative metabolite 798,
METAB_00799,Metabolite_799,metabolite,,,Unknown,Unknown,Unknown,Unknown,Putative metabolite 799,
METAB_00800,Metabolite_800,metabolite,,,Unknown,Unknown,Unknown,Unknown,Putative metabolite 800,
METAB_00801,Metabolite_801,metabolite,,,Unknown,Unknown,Unknown,Unknown,Putative metabolite 801,
METAB_00802,Metabolite_802,metabolite,,,Unknown,Unknown,Unknown,Unknown,Putative metabolite 802,
METAB_00803,Metabolite_803,metabolite,,,Unknown,Unknown,Unknown,Unknown,Putative metabolite 803,
METAB_00804,Metabolite_804,metabolite,,,Unknown,Unknown,Unknown,Unknown,Putative metabolite 804,
METAB_00805,Metabolite_805,metabolite,,,Unknown,Unknown,Unknown,Unknown,Putative metabolite 805,
METAB_00806,Metabolite_806,metabolite,,,Unknown,Unknown,Unknown,Unknown,Putative metabolite 806,
METAB_00807,Metabolite_807,metabolite,,,Unknown,Unknown,Unknown,Unknown,Putative metabolite 807,
METAB_00808,Metabolite_808,metabolite,,,Unknown,Unknown,Unknown,Unknown,Putative metabolite 808,
METAB_00809,Metabolite_809,metabolite,,,Unknown,Unknown,Unknown,Unknown,Putative metabolite 809,
METAB_00810,Metabolite_810,metabolite,,,Unknown,Unknown,Unknown,Unknown,Putative metabolite 810,
METAB_00811,Metabolite_811,metabolite,,,Unknown,Unknown,Unknown,Unknown,Putative metabolite 811,
METAB_00812,Metabolite_812,metabolite,,,Unknown,Unknown,Unknown,Unknown,Putative metabolite 812,
METAB_00813,Metabolite_813,metabolite,,,Unknown,Unknown,Unknown,Unknown,Putative metabolite 813,
METAB_00814,Metabolite_814,metabolite,,,Unknown,Unknown,Unknown,Unknown,Putative metabolite 814,
METAB_00815,Metabolite_815,metabolite,,,Unknown,Unknown,Unknown,Unknown,Putative metabolite 815,
METAB_00816,Metabolite_816,metabolite,,,Unknown,Unknown,Unknown,Unknown,Putative metabolite 816,
METAB_00817,Metabolite_817,metabolite,,,Unknown,Unknown,Unknown,Unknown,Putative metabolite 817,
METAB_00818,Metabolite_818,metabolite,,,Unknown,Unknown,Unknown,Unknown,Putative metabolite 818,
METAB_00819,Metabolite_819,metabolite,,,Unknown,Unknown,Unknown,Unknown,Putative metabolite 819,
METAB_00820,Metabolite_820,metabolite,,,Unknown,Unknown,Unknown,Unknown,Putative metabolite 820,
METAB_00821,Metabolite_821,metabolite,,,Unknown,Unknown,Unknown,Unknown,Putative metabolite 821,
METAB_00822,Metabolite_822,metabolite,,,Unknown,Unknown,Unknown,Unknown,Putative metabolite 822,
METAB_00823,Metabolite_823,metabolite,,,Unknown,Unknown,Unknown,Unknown,Putative metabolite 823,
METAB_00824,Metabolite_824,metabolite,,,Unknown,Unknown,Unknown,Unknown,Putative metabolite 824,
METAB_00825,Metabolite_825,metabolite,,,Unknown,Unknown,Unknown,Unknown,Putative metabolite 825,
METAB_00826,Metabolite_826,metabolite,,,Unknown,Unknown,Unknown,Unknown,Putative metabolite 826,
METAB_00827,Metabolite_827,metabolite,,,Unknown,Unknown,Unknown,Unknown,Putative metabolite 827,
METAB_00828,Metabolite_828,metabolite,,,Unknown,Unknown,Unknown,Unknown,Putative metabolite 828,
METAB_00829,Metabolite_829,metabolite,,,Unknown,Unknown,Unknown,Unknown,Putative metabolite 829,
METAB_00830,Metabolite_830,metabolite,,,Unknown,Unknown,Unknown,Unknown,Putative metabolite 830,
METAB_00831,Metabolite_831,metabolite,,,Unknown,Unknown,Unknown,Unknown,Putative metabolite 831,
METAB_00832,Metabolite_832,metabolite,,,Unknown,Unknown,Unknown,Unknown,Putative metabolite 832,
METAB_00833,Metabolite_833,metabolite,,,Unknown,Unknown,Unknown,Unknown,Putative metabolite 833,
METAB_00834,Metabolite_834,metabolite,,,Unknown,Unknown,Unknown,Unknown,Putative metabolite 834,
METAB_00835,Metabolite_835,metabolite,,,Unknown,Unknown,Unknown,Unknown,Putative metabolite 835,
METAB_00836,Metabolite_836,metabolite,,,Unknown,Unknown,Unknown,Unknown,Putative metabolite 836,
METAB_00837,Metabolite_837,metabolite,,,Unknown,Unknown,Unknown,Unknown,Putative metabolite 837,
METAB_00838,Metabolite_838,metabolite,,,Unknown,Unknown,Unknown,Unknown,Putative metabolite 838,
METAB_00839,Metabolite_839,metabolite,,,Unknown,Unknown,Unknown,Unknown,Putative metabolite 839,
METAB_00840,Metabolite_840,metabolite,,,Unknown,Unknown,Unknown,Unknown,Putative metabolite 840,
METAB_00841,Metabolite_841,metabolite,,,Unknown,Unknown,Unknown,Unknown,Putative metabolite 841,
METAB_00842,Metabolite_842,metabolite,,,Unknown,Unknown,Unknown,Unknown,Putative metabolite 842,
METAB_00843,Metabolite_843,metabolite,,,Unknown,Unknown,Unknown,Unknown,Putative metabolite 843,
METAB_00844,Metabolite_844,metabolite,,,Unknown,Unknown,Unknown,Unknown,Putative metabolite 844,
METAB_00845,Metabolite_845,metabolite,,,Unknown,Unknown,Unknown,Unknown,Putative metabolite 845,
METAB_00846,Metabolite_846,metabolite,,,Unknown,Unknown,Unknown,Unknown,Putative metabolite 846,
METAB_00847,Metabolite_847,metabolite,,,Unknown,Unknown,Unknown,Unknown,Putative metabolite 847,
METAB_00848,Metabolite_848,metabolite,,,Unknown,Unknown,Unknown,Unknown,Putative metabolite 848,
METAB_00849,Metabolite_849,metabolite,,,Unknown,Unknown,Unknown,Unknown,Putative metabolite 849,
METAB_00850,Metabolite_850,metabolite,,,Unknown,Unknown,Unknown,Unknown,Putative metabolite 850,
METAB_00851,Metabolite_851,metabolite,,,Unknown,Unknown,Unknown,Unknown,Putative metabolite 851,
METAB_00852,Metabolite_852,metabolite,,,Unknown,Unknown,Unknown,Unknown,Putative metabolite 852,
METAB_00853,Metabolite_853,metabolite,,,Unknown,Unknown,Unknown,Unknown,Putative metabolite 853,
METAB_00854,Metabolite_854,metabolite,,,Unknown,Unknown,Unknown,Unknown,Putative metabolite 854,
METAB_00855,Metabolite_855,metabolite,,,Unknown,Unknown,Unknown,Unknown,Putative metabolite 855,
METAB_00856,Metabolite_856,metabolite,,,Unknown,Unknown,Unknown,Unknown,Putative metabolite 856,
METAB_00857,Metabolite_857,metabolite,,,Unknown,Unknown,Unknown,Unknown,Putative metabolite 857,
METAB_00858,Metabolite_858,metabolite,,,Unknown,Unknown,Unknown,Unknown,Putative metabolite 858,
METAB_00859,Metabolite_859,metabolite,,,Unknown,Unknown,Unknown,Unknown,Putative metabolite 859,
METAB_00860,Metabolite_860,metabolite,,,Unknown,Unknown,Unknown,Unknown,Putative metabolite 860,
METAB_00861,Metabolite_861,metabolite,,,Unknown,Unknown,Unknown,Unknown,Putative metabolite 861,
METAB_00862,Metabolite_862,metabolite,,,Unknown,Unknown,Unknown,Unknown,Putative metabolite 862,
METAB_00863,Metabolite_863,metabolite,,,Unknown,Unknown,Unknown,Unknown,Putative metabolite 863,
METAB_00864,Metabolite_864,metabolite,,,Unknown,Unknown,Unknown,Unknown,Putative metabolite 864,
METAB_00865,Metabolite_865,metabolite,,,Unknown,Unknown,Unknown,Unknown,Putative metabolite 865,
METAB_00866,Metabolite_866,metabolite,,,Unknown,Unknown,Unknown,Unknown,Putative metabolite 866,
METAB_00867,Metabolite_867,metabolite,,,Unknown,Unknown,Unknown,Unknown,Putative metabolite 867,
METAB_00868,Metabolite_868,metabolite,,,Unknown,Unknown,Unknown,Unknown,Putative metabolite 868,
METAB_00869,Metabolite_869,metabolite,,,Unknown,Unknown,Unknown,Unknown,Putative metabolite 869,
METAB_00870,Metabolite_870,metabolite,,,Unknown,Unknown,Unknown,Unknown,Putative metabolite 870,
METAB_00871,Metabolite_871,metabolite,,,Unknown,Unknown,Unknown,Unknown,Putative metabolite 871,
METAB_00872,Metabolite_872,metabolite,,,Unknown,Unknown,Unknown,Unknown,Putative metabolite 872,
METAB_00873,Metabolite_873,metabolite,,,Unknown,Unknown,Unknown,Unknown,Putative metabolite 873,
METAB_00874,Metabolite_874,metabolite,,,Unknown,Unknown,Unknown,Unknown,Putative metabolite 874,
METAB_00875,Metabolite_875,metabolite,,,Unknown,Unknown,Unknown,Unknown,Putative metabolite 875,
METAB_00876,Metabolite_876,metabolite,,,Unknown,Unknown,Unknown,Unknown,Putative metabolite 876,
METAB_00877,Metabolite_877,metabolite,,,Unknown,Unknown,Unknown,Unknown,Putative metabolite 877,
METAB_00878,Metabolite_878,metabolite,,,Unknown,Unknown,Unknown,Unknown,Putative metabolite 878,
METAB_00879,Metabolite_879,metabolite,,,Unknown,Unknown,Unknown,Unknown,Putative metabolite 879,
METAB_00880,Metabolite_880,metabolite,,,Unknown,Unknown,Unknown,Unknown,Putative metabolite 880,
METAB_00881,Metabolite_881,metabolite,,,Unknown,Unknown,Unknown,Unknown,Putative metabolite 881,
METAB_00882,Metabolite_882,metabolite,,,Unknown,Unknown,Unknown,Unknown,Putative metabolite 882,
METAB_00883,Metabolite_883,metabolite,,,Unknown,Unknown,Unknown,Unknown,Putative metabolite 883,
METAB_00884,Metabolite_884,metabolite,,,Unknown,Unknown,Unknown,Unknown,Putative metabolite 884,
METAB_00885,Metabolite_885,metabolite,,,Unknown,Unknown,Unknown,Unknown,Putative metabolite 885,
METAB_00886,Metabolite_886,metabolite,,,Unknown,Unknown,Unknown,Unknown,Putative metabolite 886,
METAB_00887,Metabolite_887,metabolite,,,Unknown,Unknown,Unknown,Unknown,Putative metabolite 887,
METAB_00888,Metabolite_888,metabolite,,,Unknown,Unknown,Unknown,Unknown,Putative metabolite 888,
METAB_00889,Metabolite_889,metabolite,,,Unknown,Unknown,Unknown,Unknown,Putative metabolite 889,
METAB_00890,Metabolite_890,metabolite,,,Unknown,Unknown,Unknown,Unknown,Putative metabolite 890,
METAB_00891,Metabolite_891,metabolite,,,Unknown,Unknown,Unknown,Unknown,Putative metabolite 891,
METAB_00892,Metabolite_892,metabolite,,,Unknown,Unknown,Unknown,Unknown,Putative metabolite 892,
METAB_00893,Metabolite_893,metabolite,,,Unknown,Unknown,Unknown,Unknown,Putative metabolite 893,
METAB_00894,Metabolite_894,metabolite,,,Unknown,Unknown,Unknown,Unknown,Putative metabolite 894,
METAB_00895,Metabolite_895,metabolite,,,Unknown,Unknown,Unknown,Unknown,Putative metabolite 895,
METAB_00896,Metabolite_896,metabolite,,,Unknown,Unknown,Unknown,Unknown,Putative metabolite 896,
METAB_00897,Metabolite_897,metabolite,,,Unknown,Unknown,Unknown,Unknown,Putative metabolite 897,
METAB_00898,Metabolite_898,metabolite,,,Unknown,Unknown,Unknown,Unknown,Putative metabolite 898,
METAB_00899,Metabolite_899,metabolite,,,Unknown,Unknown,Unknown,Unknown,Putative metabolite 899,
METAB_00900,Metabolite_900,metabolite,,,Unknown,Unknown,Unknown,Unknown,Putative metabolite 900,
METAB_00901,Metabolite_901,metabolite,,,Unknown,Unknown,Unknown,Unknown,Putative metabolite 901,
METAB_00902,Metabolite_902,metabolite,,,Unknown,Unknown,Unknown,Unknown,Putative metabolite 902,
METAB_00903,Metabolite_903,metabolite,,,Unknown,Unknown,Unknown,Unknown,Putative metabolite 903,
METAB_00904,Metabolite_904,metabolite,,,Unknown,Unknown,Unknown,Unknown,Putative metabolite 904,
METAB_00905,Metabolite_905,metabolite,,,Unknown,Unknown,Unknown,Unknown,Putative metabolite 905,
METAB_00906,Metabolite_906,metabolite,,,Unknown,Unknown,Unknown,Unknown,Putative metabolite 906,
METAB_00907,Metabolite_907,metabolite,,,Unknown,Unknown,Unknown,Unknown,Putative metabolite 907,
METAB_00908,Metabolite_908,metabolite,,,Unknown,Unknown,Unknown,Unknown,Putative metabolite 908,
METAB_00909,Metabolite_909,metabolite,,,Unknown,Unknown,Unknown,Unknown,Putative metabolite 909,
METAB_00910,Metabolite_910,metabolite,,,Unknown,Unknown,Unknown,Unknown,Putative metabolite 910,
METAB_00911,Metabolite_911,metabolite,,,Unknown,Unknown,Unknown,Unknown,Putative metabolite 911,
METAB_00912,Metabolite_912,metabolite,,,Unknown,Unknown,Unknown,Unknown,Putative metabolite 912,
METAB_00913,Metabolite_913,metabolite,,,Unknown,Unknown,Unknown,Unknown,Putative metabolite 913,
METAB_00914,Metabolite_914,metabolite,,,Unknown,Unknown,Unknown,Unknown,Putative metabolite 914,
METAB_00915,Metabolite_915,metabolite,,,Unknown,Unknown,Unknown,Unknown,Putative metabolite 915,
METAB_00916,Metabolite_916,metabolite,,,Unknown,Unknown,Unknown,Unknown,Putative metabolite 916,
METAB_00917,Metabolite_917,metabolite,,,Unknown,Unknown,Unknown,Unknown,Putative metabolite 917,
METAB_00918,Metabolite_918,metabolite,,,Unknown,Unknown,Unknown,Unknown,Putative metabolite 918,
METAB_00919,Metabolite_919,metabolite,,,Unknown,Unknown,Unknown,Unknown,Putative metabolite 919,
METAB_00920,Metabolite_920,metabolite,,,Unknown,Unknown,Unknown,Unknown,Putative metabolite 920,
METAB_00921,Metabolite_921,metabolite,,,Unknown,Unknown,Unknown,Unknown,Putative metabolite 921,
METAB_00922,Metabolite_922,metabolite,,,Unknown,Unknown,Unknown,Unknown,Putative metabolite 922,
METAB_00923,Metabolite_923,metabolite,,,Unknown,Unknown,Unknown,Unknown,Putative metabolite 923,
METAB_00924,Metabolite_924,metabolite,,,Unknown,Unknown,Unknown,Unknown,Putative metabolite 924,
METAB_00925,Metabolite_925,metabolite,,,Unknown,Unknown,Unknown,Unknown,Putative metabolite 925,
METAB_00926,Metabolite_926,metabolite,,,Unknown,Unknown,Unknown,Unknown,Putative metabolite 926,
METAB_00927,Metabolite_927,metabolite,,,Unknown,Unknown,Unknown,Unknown,Putative metabolite 927,
METAB_00928,Metabolite_928,metabolite,,,Unknown,Unknown,Unknown,Unknown,Putative metabolite 928,
METAB_00929,Metabolite_929,metabolite,,,Unknown,Unknown,Unknown,Unknown,Putative metabolite 929,
METAB_00930,Metabolite_930,metabolite,,,Unknown,Unknown,Unknown,Unknown,Putative metabolite 930,
METAB_00931,Metabolite_931,metabolite,,,Unknown,Unknown,Unknown,Unknown,Putative metabolite 931,
METAB_00932,Metabolite_932,metabolite,,,Unknown,Unknown,Unknown,Unknown,Putative metabolite 932,
METAB_00933,Metabolite_933,metabolite,,,Unknown,Unknown,Unknown,Unknown,Putative metabolite 933,
METAB_00934,Metabolite_934,metabolite,,,Unknown,Unknown,Unknown,Unknown,Putative metabolite 934,
METAB_00935,Metabolite_935,metabolite,,,Unknown,Unknown,Unknown,Unknown,Putative metabolite 935,
METAB_00936,Metabolite_936,metabolite,,,Unknown,Unknown,Unknown,Unknown,Putative metabolite 936,
METAB_00937,Metabolite_937,metabolite,,,Unknown,Unknown,Unknown,Unknown,Putative metabolite 937,
METAB_00938,Metabolite_938,metabolite,,,Unknown,Unknown,Unknown,Unknown,Putative metabolite 938,
METAB_00939,Metabolite_939,metabolite,,,Unknown,Unknown,Unknown,Unknown,Putative metabolite 939,
METAB_00940,Metabolite_940,metabolite,,,Unknown,Unknown,Unknown,Unknown,Putative metabolite 940,
METAB_00941,Metabolite_941,metabolite,,,Unknown,Unknown,Unknown,Unknown,Putative metabolite 941,
METAB_00942,Metabolite_942,metabolite,,,Unknown,Unknown,Unknown,Unknown,Putative metabolite 942,
METAB_00943,Metabolite_943,metabolite,,,Unknown,Unknown,Unknown,Unknown,Putative metabolite 943,
METAB_00944,Metabolite_944,metabolite,,,Unknown,Unknown,Unknown,Unknown,Putative metabolite 944,
METAB_00945,Metabolite_945,metabolite,,,Unknown,Unknown,Unknown,Unknown,Putative metabolite 945,
METAB_00946,Metabolite_946,metabolite,,,Unknown,Unknown,Unknown,Unknown,Putative metabolite 946,
METAB_00947,Metabolite_947,metabolite,,,Unknown,Unknown,Unknown,Unknown,Putative metabolite 947,
METAB_00948,Metabolite_948,metabolite,,,Unknown,Unknown,Unknown,Unknown,Putative metabolite 948,
METAB_00949,Metabolite_949,metabolite,,,Unknown,Unknown,Unknown,Unknown,Putative metabolite 949,
METAB_00950,Metabolite_950,metabolite,,,Unknown,Unknown,Unknown,Unknown,Putative metabolite 950,
METAB_00951,Metabolite_951,metabolite,,,Unknown,Unknown,Unknown,Unknown,Putative metabolite 951,
METAB_00952,Metabolite_952,metabolite,,,Unknown,Unknown,Unknown,Unknown,Putative metabolite 952,
METAB_00953,Metabolite_953,metabolite,,,Unknown,Unknown,Unknown,Unknown,Putative metabolite 953,
METAB_00954,Metabolite_954,metabolite,,,Unknown,Unknown,Unknown,Unknown,Putative metabolite 954,
METAB_00955,Metabolite_955,metabolite,,,Unknown,Unknown,Unknown,Unknown,Putative metabolite 955,
METAB_00956,Metabolite_956,metabolite,,,Unknown,Unknown,Unknown,Unknown,Putative metabolite 956,
METAB_00957,Metabolite_957,metabolite,,,Unknown,Unknown,Unknown,Unknown,Putative metabolite 957,
METAB_00958,Metabolite_958,metabolite,,,Unknown,Unknown,Unknown,Unknown,Putative metabolite 958,
METAB_00959,Metabolite_959,metabolite,,,Unknown,Unknown,Unknown,Unknown,Putative metabolite 959,
METAB_00960,Metabolite_960,metabolite,,,Unknown,Unknown,Unknown,Unknown,Putative metabolite 960,
METAB_00961,Metabolite_961,metabolite,,,Unknown,Unknown,Unknown,Unknown,Putative metabolite 961,
METAB_00962,Metabolite_962,metabolite,,,Unknown,Unknown,Unknown,Unknown,Putative metabolite 962,
METAB_00963,Metabolite_963,metabolite,,,Unknown,Unknown,Unknown,Unknown,Putative metabolite 963,
METAB_00964,Metabolite_964,metabolite,,,Unknown,Unknown,Unknown,Unknown,Putative metabolite 964,
METAB_00965,Metabolite_965,metabolite,,,Unknown,Unknown,Unknown,Unknown,Putative metabolite 965,
METAB_00966,Metabolite_966,metabolite,,,Unknown,Unknown,Unknown,Unknown,Putative metabolite 966,
METAB_00967,Metabolite_967,metabolite,,,Unknown,Unknown,Unknown,Unknown,Putative metabolite 967,
METAB_00968,Metabolite_968,metabolite,,,Unknown,Unknown,Unknown,Unknown,Putative metabolite 968,
METAB_00969,Metabolite_969,metabolite,,,Unknown,Unknown,Unknown,Unknown,Putative metabolite 969,
METAB_00970,Metabolite_970,metabolite,,,Unknown,Unknown,Unknown,Unknown,Putative metabolite 970,
METAB_00971,Metabolite_971,metabolite,,,Unknown,Unknown,Unknown,Unknown,Putative metabolite 971,
METAB_00972,Metabolite_972,metabolite,,,Unknown,Unknown,Unknown,Unknown,Putative metabolite 972,
METAB_00973,Metabolite_973,metabolite,,,Unknown,Unknown,Unknown,Unknown,Putative metabolite 973,
METAB_00974,Metabolite_974,metabolite,,,Unknown,Unknown,Unknown,Unknown,Putative metabolite 974,
METAB_00975,Metabolite_975,metabolite,,,Unknown,Unknown,Unknown,Unknown,Putative metabolite 975,
METAB_00976,Metabolite_976,metabolite,,,Unknown,Unknown,Unknown,Unknown,Putative metabolite 976,
METAB_00977,Metabolite_977,metabolite,,,Unknown,Unknown,Unknown,Unknown,Putative metabolite 977,
METAB_00978,Metabolite_978,metabolite,,,Unknown,Unknown,Unknown,Unknown,Putative metabolite 978,
METAB_00979,Metabolite_979,metabolite,,,Unknown,Unknown,Unknown,Unknown,Putative metabolite 979,
METAB_00980,Metabolite_980,metabolite,,,Unknown,Unknown,Unknown,Unknown,Putative metabolite 980,
METAB_00981,Metabolite_981,metabolite,,,Unknown,Unknown,Unknown,Unknown,Putative metabolite 981,
METAB_00982,Metabolite_982,metabolite,,,Unknown,Unknown,Unknown,Unknown,Putative metabolite 982,
METAB_00983,Metabolite_983,metabolite,,,Unknown,Unknown,Unknown,Unknown,Putative metabolite 983,
METAB_00984,Metabolite_984,metabolite,,,Unknown,Unknown,Unknown,Unknown,Putative metabolite 984,
METAB_00985,Metabolite_985,metabolite,,,Unknown,Unknown,Unknown,Unknown,Putative metabolite 985,
METAB_00986,Metabolite_986,metabolite,,,Unknown,Unknown,Unknown,Unknown,Putative metabolite 986,
METAB_00987,Metabolite_987,metabolite,,,Unknown,Unknown,Unknown,Unknown,Putative metabolite 987,
METAB_00988,Metabolite_988,metabolite,,,Unknown,Unknown,Unknown,Unknown,Putative metabolite 988,
METAB_00989,Metabolite_989,metabolite,,,Unknown,Unknown,Unknown,Unknown,Putative metabolite 989,
METAB_00990,Metabolite_990,metabolite,,,Unknown,Unknown,Unknown,Unknown,Putative metabolite 990,
METAB_00991,Metabolite_991,metabolite,,,Unknown,Unknown,Unknown,Unknown,Putative metabolite 991,
METAB_00992,Metabolite_992,metabolite,,,Unknown,Unknown,Unknown,Unknown,Putative metabolite 992,
METAB_00993,Metabolite_993,metabolite,,,Unknown,Unknown,Unknown,Unknown,Putative metabolite 993,
METAB_00994,Metabolite_994,metabolite,,,Unknown,Unknown,Unknown,Unknown,Putative metabolite 994,
METAB_00995,Metabolite_995,metabolite,,,Unknown,Unknown,Unknown,Unknown,Putative metabolite 995,
METAB_00996,Metabolite_996,metabolite,,,Unknown,Unknown,Unknown,Unknown,Putative metabolite 996,
METAB_00997,Metabolite_997,metabolite,,,Unknown,Unknown,Unknown,Unknown,Putative metabolite 997,
METAB_00998,Metabolite_998,metabolite,,,Unknown,Unknown,Unknown,Unknown,Putative metabolite 998,
METAB_00999,Metabolite_999,metabolite,,,Unknown,Unknown,Unknown,Unknown,Putative metabolite 999,
METAB_01000,Metabolite_1000,metabolite,,,Unknown,Unknown,Unknown,Unknown,Putative metabolite 1000,
